,team,pay_type,question,points,answer,answer_mod,answer_truth,correct,score
2,A Girl Has No Team Name,Paying,01. Arya Stark,3.0,Lives,Lives,Lives,True,3.0
19,A Team Has No Name,Paying,01. Arya Stark,3.0,Lives,Lives,Lives,True,3.0
4,A Wizard of Cersei,Paying,01. Arya Stark,3.0,Lives,Lives,Lives,True,3.0
28,Aaron on the Throne,Paying,01. Arya Stark,3.0,Lives,Lives,Lives,True,3.0
12,All Bronn and no brains,Paying,01. Arya Stark,3.0,Lives,Lives,Lives,True,3.0
33,Arya Dead Yet?,Paying,01. Arya Stark,3.0,Lives,Lives,Lives,True,3.0
22,"Arya Ready Kids? (Aye, Aye, Captain of the Guards!)",Paying,01. Arya Stark,3.0,Lives,Lives,Lives,True,3.0
29,"Breaker of Fasts, Mother of Brunches",Paying,01. Arya Stark,3.0,Lives,Lives,Lives,True,3.0
0,Bri-Anne,Paying,01. Arya Stark,3.0,Lives,Lives,Lives,True,3.0
23,Bri-Enne Of Green Gables,Paying,01. Arya Stark,3.0,Lives,Lives,Lives,True,3.0
36,Bronn Swanson,Paying,01. Arya Stark,3.0,Lives,Lives,Lives,True,3.0
42,Bronn: The Decision,Paying,01. Arya Stark,3.0,Lives,Lives,Lives,True,3.0
16,"Carolyn of House Tambini, the First of Her Name, Queen of Kings, Burner of Princesses  ",Paying,01. Arya Stark,3.0,Dies,Dies,Lives,False,0.0
11,Dany Snow,Paying,01. Arya Stark,3.0,Dies,Dies,Lives,False,0.0
21,Davis the Bastard of Voltron,Paying,01. Arya Stark,3.0,Dies,Dies,Lives,False,0.0
30,Enjol-Raki ,Paying,01. Arya Stark,3.0,Dies,Dies,Lives,False,0.0
5,Flea Bottom Feeders,Paying,01. Arya Stark,3.0,Lives,Lives,Lives,True,3.0
15,House Magnus,Free,01. Arya Stark,3.0,Lives,Lives,Lives,True,3.0
31,Just Here for CleganeBowl,Paying,01. Arya Stark,3.0,Dies,Dies,Lives,False,0.0
13,"Lacy of House Garrison, Breaker of Games, Protector of Spoilers, King of West Hollywood, Father of Brad",Paying,01. Arya Stark,3.0,Lives,Lives,Lives,True,3.0
10,Lady Elizabeth of House Wray,Free,01. Arya Stark,3.0,Lives,Lives,Lives,True,3.0
40,Lady Kristi of the House of Brooks,Paying,01. Arya Stark,3.0,Lives,Lives,Lives,True,3.0
32,Lady Stoneheart,Paying,01. Arya Stark,3.0,Lives,Lives,Lives,True,3.0
24,Lil' Jon Snow White,Paying,01. Arya Stark,3.0,Dies,Dies,Lives,False,0.0
8,Little Fingers’ Little Finger,Paying,01. Arya Stark,3.0,Lives,Lives,Lives,True,3.0
43,Lord Ben-ish,Paying,01. Arya Stark,3.0,Dies,Dies,Lives,False,0.0
37,Matton Of The Hounds,Paying,01. Arya Stark,3.0,Lives,Lives,Lives,True,3.0
41,Mountain Mellon Crushers,Paying,01. Arya Stark,3.0,Lives,Lives,Lives,True,3.0
1,No Ygrittes,Paying,01. Arya Stark,3.0,Lives,Lives,Lives,True,3.0
34,"S'now way, Jose!",Paying,01. Arya Stark,3.0,Lives,Lives,Lives,True,3.0
6,Safari Ary,Paying,01. Arya Stark,3.0,Lives,Lives,Lives,True,3.0
7,Sand Snake Realness,Paying,01. Arya Stark,3.0,Lives,Lives,Lives,True,3.0
38,Sept of Baylor was an Inside job,Paying,01. Arya Stark,3.0,Dies,Dies,Lives,False,0.0
25,"Ser Dunton, Knight of the Laughing Tree",Paying,01. Arya Stark,3.0,Lives,Lives,Lives,True,3.0
39,Ser Hand Rale of House Bannister,Paying,01. Arya Stark,3.0,Lives,Lives,Lives,True,3.0
9,Stark Raving Mad,Paying,01. Arya Stark,3.0,Lives,Lives,Lives,True,3.0
17,Stop Dragon My Horse Heart Around,Paying,01. Arya Stark,3.0,Lives,Lives,Lives,True,3.0
3,Sword Swallowers through and through,Paying,01. Arya Stark,3.0,Lives,Lives,Lives,True,3.0
20,That’s what I do: I drink and I know things.,Paying,01. Arya Stark,3.0,Dies,Dies,Lives,False,0.0
27,The Ed Sheeran Fan Club,Paying,01. Arya Stark,3.0,Lives,Lives,Lives,True,3.0
26,The House of Lesbian Poets,Paying,01. Arya Stark,3.0,Lives,Lives,Lives,True,3.0
35,Tormund's Member Rewards Club,Paying,01. Arya Stark,3.0,Lives,Lives,Lives,True,3.0
14,Xander's Dragons,Paying,01. Arya Stark,3.0,Lives,Lives,Lives,True,3.0
18,"Ygritte in the Streets, Khaleesi in the Sheets",Paying,01. Arya Stark,3.0,Dies,Dies,Lives,False,0.0
46,A Girl Has No Team Name,Paying,02. Daenerys Targaryen,3.0,Lives,Lives,Lives,True,3.0
63,A Team Has No Name,Paying,02. Daenerys Targaryen,3.0,Lives,Lives,Lives,True,3.0
48,A Wizard of Cersei,Paying,02. Daenerys Targaryen,3.0,Dies,Dies,Lives,False,0.0
72,Aaron on the Throne,Paying,02. Daenerys Targaryen,3.0,Lives,Lives,Lives,True,3.0
56,All Bronn and no brains,Paying,02. Daenerys Targaryen,3.0,Lives,Lives,Lives,True,3.0
77,Arya Dead Yet?,Paying,02. Daenerys Targaryen,3.0,Lives,Lives,Lives,True,3.0
66,"Arya Ready Kids? (Aye, Aye, Captain of the Guards!)",Paying,02. Daenerys Targaryen,3.0,Dies,Dies,Lives,False,0.0
73,"Breaker of Fasts, Mother of Brunches",Paying,02. Daenerys Targaryen,3.0,Dies,Dies,Lives,False,0.0
44,Bri-Anne,Paying,02. Daenerys Targaryen,3.0,Dies,Dies,Lives,False,0.0
67,Bri-Enne Of Green Gables,Paying,02. Daenerys Targaryen,3.0,Lives,Lives,Lives,True,3.0
80,Bronn Swanson,Paying,02. Daenerys Targaryen,3.0,Dies,Dies,Lives,False,0.0
86,Bronn: The Decision,Paying,02. Daenerys Targaryen,3.0,Lives,Lives,Lives,True,3.0
60,"Carolyn of House Tambini, the First of Her Name, Queen of Kings, Burner of Princesses  ",Paying,02. Daenerys Targaryen,3.0,Dies,Dies,Lives,False,0.0
55,Dany Snow,Paying,02. Daenerys Targaryen,3.0,Dies,Dies,Lives,False,0.0
65,Davis the Bastard of Voltron,Paying,02. Daenerys Targaryen,3.0,Dies,Dies,Lives,False,0.0
74,Enjol-Raki ,Paying,02. Daenerys Targaryen,3.0,Dies,Dies,Lives,False,0.0
49,Flea Bottom Feeders,Paying,02. Daenerys Targaryen,3.0,Lives,Lives,Lives,True,3.0
59,House Magnus,Free,02. Daenerys Targaryen,3.0,Dies,Dies,Lives,False,0.0
75,Just Here for CleganeBowl,Paying,02. Daenerys Targaryen,3.0,Dies,Dies,Lives,False,0.0
57,"Lacy of House Garrison, Breaker of Games, Protector of Spoilers, King of West Hollywood, Father of Brad",Paying,02. Daenerys Targaryen,3.0,Lives,Lives,Lives,True,3.0
54,Lady Elizabeth of House Wray,Free,02. Daenerys Targaryen,3.0,Lives,Lives,Lives,True,3.0
84,Lady Kristi of the House of Brooks,Paying,02. Daenerys Targaryen,3.0,Lives,Lives,Lives,True,3.0
76,Lady Stoneheart,Paying,02. Daenerys Targaryen,3.0,Dies,Dies,Lives,False,0.0
68,Lil' Jon Snow White,Paying,02. Daenerys Targaryen,3.0,Dies,Dies,Lives,False,0.0
52,Little Fingers’ Little Finger,Paying,02. Daenerys Targaryen,3.0,Lives,Lives,Lives,True,3.0
87,Lord Ben-ish,Paying,02. Daenerys Targaryen,3.0,Dies,Dies,Lives,False,0.0
81,Matton Of The Hounds,Paying,02. Daenerys Targaryen,3.0,Lives,Lives,Lives,True,3.0
85,Mountain Mellon Crushers,Paying,02. Daenerys Targaryen,3.0,Lives,Lives,Lives,True,3.0
45,No Ygrittes,Paying,02. Daenerys Targaryen,3.0,Lives,Lives,Lives,True,3.0
78,"S'now way, Jose!",Paying,02. Daenerys Targaryen,3.0,Lives,Lives,Lives,True,3.0
50,Safari Ary,Paying,02. Daenerys Targaryen,3.0,Lives,Lives,Lives,True,3.0
51,Sand Snake Realness,Paying,02. Daenerys Targaryen,3.0,Lives,Lives,Lives,True,3.0
82,Sept of Baylor was an Inside job,Paying,02. Daenerys Targaryen,3.0,Dies,Dies,Lives,False,0.0
69,"Ser Dunton, Knight of the Laughing Tree",Paying,02. Daenerys Targaryen,3.0,Dies,Dies,Lives,False,0.0
83,Ser Hand Rale of House Bannister,Paying,02. Daenerys Targaryen,3.0,Lives,Lives,Lives,True,3.0
53,Stark Raving Mad,Paying,02. Daenerys Targaryen,3.0,Dies,Dies,Lives,False,0.0
61,Stop Dragon My Horse Heart Around,Paying,02. Daenerys Targaryen,3.0,Dies,Dies,Lives,False,0.0
47,Sword Swallowers through and through,Paying,02. Daenerys Targaryen,3.0,Lives,Lives,Lives,True,3.0
64,That’s what I do: I drink and I know things.,Paying,02. Daenerys Targaryen,3.0,Lives,Lives,Lives,True,3.0
71,The Ed Sheeran Fan Club,Paying,02. Daenerys Targaryen,3.0,Lives,Lives,Lives,True,3.0
70,The House of Lesbian Poets,Paying,02. Daenerys Targaryen,3.0,Lives,Lives,Lives,True,3.0
79,Tormund's Member Rewards Club,Paying,02. Daenerys Targaryen,3.0,Lives,Lives,Lives,True,3.0
58,Xander's Dragons,Paying,02. Daenerys Targaryen,3.0,Lives,Lives,Lives,True,3.0
62,"Ygritte in the Streets, Khaleesi in the Sheets",Paying,02. Daenerys Targaryen,3.0,Lives,Lives,Lives,True,3.0
90,A Girl Has No Team Name,Paying,03. Jon Snow,3.0,Lives,Lives,Lives,True,3.0
107,A Team Has No Name,Paying,03. Jon Snow,3.0,Lives,Lives,Lives,True,3.0
92,A Wizard of Cersei,Paying,03. Jon Snow,3.0,Lives,Lives,Lives,True,3.0
116,Aaron on the Throne,Paying,03. Jon Snow,3.0,Dies,Dies,Lives,False,0.0
100,All Bronn and no brains,Paying,03. Jon Snow,3.0,Lives,Lives,Lives,True,3.0
121,Arya Dead Yet?,Paying,03. Jon Snow,3.0,Lives,Lives,Lives,True,3.0
110,"Arya Ready Kids? (Aye, Aye, Captain of the Guards!)",Paying,03. Jon Snow,3.0,Lives,Lives,Lives,True,3.0
117,"Breaker of Fasts, Mother of Brunches",Paying,03. Jon Snow,3.0,Dies,Dies,Lives,False,0.0
88,Bri-Anne,Paying,03. Jon Snow,3.0,Lives,Lives,Lives,True,3.0
111,Bri-Enne Of Green Gables,Paying,03. Jon Snow,3.0,Dies,Dies,Lives,False,0.0
124,Bronn Swanson,Paying,03. Jon Snow,3.0,Dies,Dies,Lives,False,0.0
130,Bronn: The Decision,Paying,03. Jon Snow,3.0,Dies,Dies,Lives,False,0.0
104,"Carolyn of House Tambini, the First of Her Name, Queen of Kings, Burner of Princesses  ",Paying,03. Jon Snow,3.0,Lives,Lives,Lives,True,3.0
99,Dany Snow,Paying,03. Jon Snow,3.0,Lives,Lives,Lives,True,3.0
109,Davis the Bastard of Voltron,Paying,03. Jon Snow,3.0,Dies,Dies,Lives,False,0.0
118,Enjol-Raki ,Paying,03. Jon Snow,3.0,Dies,Dies,Lives,False,0.0
93,Flea Bottom Feeders,Paying,03. Jon Snow,3.0,Lives,Lives,Lives,True,3.0
103,House Magnus,Free,03. Jon Snow,3.0,Lives,Lives,Lives,True,3.0
119,Just Here for CleganeBowl,Paying,03. Jon Snow,3.0,Lives,Lives,Lives,True,3.0
101,"Lacy of House Garrison, Breaker of Games, Protector of Spoilers, King of West Hollywood, Father of Brad",Paying,03. Jon Snow,3.0,Lives,Lives,Lives,True,3.0
98,Lady Elizabeth of House Wray,Free,03. Jon Snow,3.0,Dies,Dies,Lives,False,0.0
128,Lady Kristi of the House of Brooks,Paying,03. Jon Snow,3.0,Lives,Lives,Lives,True,3.0
120,Lady Stoneheart,Paying,03. Jon Snow,3.0,Lives,Lives,Lives,True,3.0
112,Lil' Jon Snow White,Paying,03. Jon Snow,3.0,Dies,Dies,Lives,False,0.0
96,Little Fingers’ Little Finger,Paying,03. Jon Snow,3.0,Lives,Lives,Lives,True,3.0
131,Lord Ben-ish,Paying,03. Jon Snow,3.0,Lives,Lives,Lives,True,3.0
125,Matton Of The Hounds,Paying,03. Jon Snow,3.0,Lives,Lives,Lives,True,3.0
129,Mountain Mellon Crushers,Paying,03. Jon Snow,3.0,Lives,Lives,Lives,True,3.0
89,No Ygrittes,Paying,03. Jon Snow,3.0,Dies,Dies,Lives,False,0.0
122,"S'now way, Jose!",Paying,03. Jon Snow,3.0,Dies,Dies,Lives,False,0.0
94,Safari Ary,Paying,03. Jon Snow,3.0,Lives,Lives,Lives,True,3.0
95,Sand Snake Realness,Paying,03. Jon Snow,3.0,Dies,Dies,Lives,False,0.0
126,Sept of Baylor was an Inside job,Paying,03. Jon Snow,3.0,Lives,Lives,Lives,True,3.0
113,"Ser Dunton, Knight of the Laughing Tree",Paying,03. Jon Snow,3.0,Dies,Dies,Lives,False,0.0
127,Ser Hand Rale of House Bannister,Paying,03. Jon Snow,3.0,Lives,Lives,Lives,True,3.0
97,Stark Raving Mad,Paying,03. Jon Snow,3.0,Lives,Lives,Lives,True,3.0
105,Stop Dragon My Horse Heart Around,Paying,03. Jon Snow,3.0,Lives,Lives,Lives,True,3.0
91,Sword Swallowers through and through,Paying,03. Jon Snow,3.0,Lives,Lives,Lives,True,3.0
108,That’s what I do: I drink and I know things.,Paying,03. Jon Snow,3.0,Dies,Dies,Lives,False,0.0
115,The Ed Sheeran Fan Club,Paying,03. Jon Snow,3.0,Lives,Lives,Lives,True,3.0
114,The House of Lesbian Poets,Paying,03. Jon Snow,3.0,Lives,Lives,Lives,True,3.0
123,Tormund's Member Rewards Club,Paying,03. Jon Snow,3.0,Lives,Lives,Lives,True,3.0
102,Xander's Dragons,Paying,03. Jon Snow,3.0,Dies,Dies,Lives,False,0.0
106,"Ygritte in the Streets, Khaleesi in the Sheets",Paying,03. Jon Snow,3.0,Dies,Dies,Lives,False,0.0
134,A Girl Has No Team Name,Paying,04. Sansa Stark,3.0,Dies,Dies,Lives,False,0.0
151,A Team Has No Name,Paying,04. Sansa Stark,3.0,Dies,Dies,Lives,False,0.0
136,A Wizard of Cersei,Paying,04. Sansa Stark,3.0,Lives,Lives,Lives,True,3.0
160,Aaron on the Throne,Paying,04. Sansa Stark,3.0,Dies,Dies,Lives,False,0.0
144,All Bronn and no brains,Paying,04. Sansa Stark,3.0,Lives,Lives,Lives,True,3.0
165,Arya Dead Yet?,Paying,04. Sansa Stark,3.0,Dies,Dies,Lives,False,0.0
154,"Arya Ready Kids? (Aye, Aye, Captain of the Guards!)",Paying,04. Sansa Stark,3.0,Lives,Lives,Lives,True,3.0
161,"Breaker of Fasts, Mother of Brunches",Paying,04. Sansa Stark,3.0,Lives,Lives,Lives,True,3.0
132,Bri-Anne,Paying,04. Sansa Stark,3.0,Dies,Dies,Lives,False,0.0
155,Bri-Enne Of Green Gables,Paying,04. Sansa Stark,3.0,Lives,Lives,Lives,True,3.0
168,Bronn Swanson,Paying,04. Sansa Stark,3.0,Lives,Lives,Lives,True,3.0
174,Bronn: The Decision,Paying,04. Sansa Stark,3.0,Dies,Dies,Lives,False,0.0
148,"Carolyn of House Tambini, the First of Her Name, Queen of Kings, Burner of Princesses  ",Paying,04. Sansa Stark,3.0,Lives,Lives,Lives,True,3.0
143,Dany Snow,Paying,04. Sansa Stark,3.0,Lives,Lives,Lives,True,3.0
153,Davis the Bastard of Voltron,Paying,04. Sansa Stark,3.0,Lives,Lives,Lives,True,3.0
162,Enjol-Raki ,Paying,04. Sansa Stark,3.0,Dies,Dies,Lives,False,0.0
137,Flea Bottom Feeders,Paying,04. Sansa Stark,3.0,Lives,Lives,Lives,True,3.0
147,House Magnus,Free,04. Sansa Stark,3.0,Lives,Lives,Lives,True,3.0
163,Just Here for CleganeBowl,Paying,04. Sansa Stark,3.0,Dies,Dies,Lives,False,0.0
145,"Lacy of House Garrison, Breaker of Games, Protector of Spoilers, King of West Hollywood, Father of Brad",Paying,04. Sansa Stark,3.0,Lives,Lives,Lives,True,3.0
142,Lady Elizabeth of House Wray,Free,04. Sansa Stark,3.0,Lives,Lives,Lives,True,3.0
172,Lady Kristi of the House of Brooks,Paying,04. Sansa Stark,3.0,Lives,Lives,Lives,True,3.0
164,Lady Stoneheart,Paying,04. Sansa Stark,3.0,Dies,Dies,Lives,False,0.0
156,Lil' Jon Snow White,Paying,04. Sansa Stark,3.0,Lives,Lives,Lives,True,3.0
140,Little Fingers’ Little Finger,Paying,04. Sansa Stark,3.0,Lives,Lives,Lives,True,3.0
175,Lord Ben-ish,Paying,04. Sansa Stark,3.0,Lives,Lives,Lives,True,3.0
169,Matton Of The Hounds,Paying,04. Sansa Stark,3.0,Lives,Lives,Lives,True,3.0
173,Mountain Mellon Crushers,Paying,04. Sansa Stark,3.0,Lives,Lives,Lives,True,3.0
133,No Ygrittes,Paying,04. Sansa Stark,3.0,Lives,Lives,Lives,True,3.0
166,"S'now way, Jose!",Paying,04. Sansa Stark,3.0,Lives,Lives,Lives,True,3.0
138,Safari Ary,Paying,04. Sansa Stark,3.0,Lives,Lives,Lives,True,3.0
139,Sand Snake Realness,Paying,04. Sansa Stark,3.0,Lives,Lives,Lives,True,3.0
170,Sept of Baylor was an Inside job,Paying,04. Sansa Stark,3.0,Lives,Lives,Lives,True,3.0
157,"Ser Dunton, Knight of the Laughing Tree",Paying,04. Sansa Stark,3.0,Lives,Lives,Lives,True,3.0
171,Ser Hand Rale of House Bannister,Paying,04. Sansa Stark,3.0,Lives,Lives,Lives,True,3.0
141,Stark Raving Mad,Paying,04. Sansa Stark,3.0,Lives,Lives,Lives,True,3.0
149,Stop Dragon My Horse Heart Around,Paying,04. Sansa Stark,3.0,Lives,Lives,Lives,True,3.0
135,Sword Swallowers through and through,Paying,04. Sansa Stark,3.0,Lives,Lives,Lives,True,3.0
152,That’s what I do: I drink and I know things.,Paying,04. Sansa Stark,3.0,Lives,Lives,Lives,True,3.0
159,The Ed Sheeran Fan Club,Paying,04. Sansa Stark,3.0,Lives,Lives,Lives,True,3.0
158,The House of Lesbian Poets,Paying,04. Sansa Stark,3.0,Dies,Dies,Lives,False,0.0
167,Tormund's Member Rewards Club,Paying,04. Sansa Stark,3.0,Lives,Lives,Lives,True,3.0
146,Xander's Dragons,Paying,04. Sansa Stark,3.0,Dies,Dies,Lives,False,0.0
150,"Ygritte in the Streets, Khaleesi in the Sheets",Paying,04. Sansa Stark,3.0,Lives,Lives,Lives,True,3.0
178,A Girl Has No Team Name,Paying,05. Tyrion Lannister,3.0,Lives,Lives,Lives,True,3.0
195,A Team Has No Name,Paying,05. Tyrion Lannister,3.0,Dies,Dies,Lives,False,0.0
180,A Wizard of Cersei,Paying,05. Tyrion Lannister,3.0,Dies,Dies,Lives,False,0.0
204,Aaron on the Throne,Paying,05. Tyrion Lannister,3.0,Lives,Lives,Lives,True,3.0
188,All Bronn and no brains,Paying,05. Tyrion Lannister,3.0,Lives,Lives,Lives,True,3.0
209,Arya Dead Yet?,Paying,05. Tyrion Lannister,3.0,Dies,Dies,Lives,False,0.0
198,"Arya Ready Kids? (Aye, Aye, Captain of the Guards!)",Paying,05. Tyrion Lannister,3.0,Dies,Dies,Lives,False,0.0
205,"Breaker of Fasts, Mother of Brunches",Paying,05. Tyrion Lannister,3.0,Dies,Dies,Lives,False,0.0
176,Bri-Anne,Paying,05. Tyrion Lannister,3.0,Lives,Lives,Lives,True,3.0
199,Bri-Enne Of Green Gables,Paying,05. Tyrion Lannister,3.0,Lives,Lives,Lives,True,3.0
212,Bronn Swanson,Paying,05. Tyrion Lannister,3.0,Lives,Lives,Lives,True,3.0
218,Bronn: The Decision,Paying,05. Tyrion Lannister,3.0,Lives,Lives,Lives,True,3.0
192,"Carolyn of House Tambini, the First of Her Name, Queen of Kings, Burner of Princesses  ",Paying,05. Tyrion Lannister,3.0,Lives,Lives,Lives,True,3.0
187,Dany Snow,Paying,05. Tyrion Lannister,3.0,Dies,Dies,Lives,False,0.0
197,Davis the Bastard of Voltron,Paying,05. Tyrion Lannister,3.0,Lives,Lives,Lives,True,3.0
206,Enjol-Raki ,Paying,05. Tyrion Lannister,3.0,Dies,Dies,Lives,False,0.0
181,Flea Bottom Feeders,Paying,05. Tyrion Lannister,3.0,Lives,Lives,Lives,True,3.0
191,House Magnus,Free,05. Tyrion Lannister,3.0,Dies,Dies,Lives,False,0.0
207,Just Here for CleganeBowl,Paying,05. Tyrion Lannister,3.0,Lives,Lives,Lives,True,3.0
189,"Lacy of House Garrison, Breaker of Games, Protector of Spoilers, King of West Hollywood, Father of Brad",Paying,05. Tyrion Lannister,3.0,Lives,Lives,Lives,True,3.0
186,Lady Elizabeth of House Wray,Free,05. Tyrion Lannister,3.0,Dies,Dies,Lives,False,0.0
216,Lady Kristi of the House of Brooks,Paying,05. Tyrion Lannister,3.0,Lives,Lives,Lives,True,3.0
208,Lady Stoneheart,Paying,05. Tyrion Lannister,3.0,Dies,Dies,Lives,False,0.0
200,Lil' Jon Snow White,Paying,05. Tyrion Lannister,3.0,Dies,Dies,Lives,False,0.0
184,Little Fingers’ Little Finger,Paying,05. Tyrion Lannister,3.0,Lives,Lives,Lives,True,3.0
219,Lord Ben-ish,Paying,05. Tyrion Lannister,3.0,Dies,Dies,Lives,False,0.0
213,Matton Of The Hounds,Paying,05. Tyrion Lannister,3.0,Dies,Dies,Lives,False,0.0
217,Mountain Mellon Crushers,Paying,05. Tyrion Lannister,3.0,Lives,Lives,Lives,True,3.0
177,No Ygrittes,Paying,05. Tyrion Lannister,3.0,Lives,Lives,Lives,True,3.0
210,"S'now way, Jose!",Paying,05. Tyrion Lannister,3.0,Lives,Lives,Lives,True,3.0
182,Safari Ary,Paying,05. Tyrion Lannister,3.0,Lives,Lives,Lives,True,3.0
183,Sand Snake Realness,Paying,05. Tyrion Lannister,3.0,Dies,Dies,Lives,False,0.0
214,Sept of Baylor was an Inside job,Paying,05. Tyrion Lannister,3.0,Lives,Lives,Lives,True,3.0
201,"Ser Dunton, Knight of the Laughing Tree",Paying,05. Tyrion Lannister,3.0,Lives,Lives,Lives,True,3.0
215,Ser Hand Rale of House Bannister,Paying,05. Tyrion Lannister,3.0,Dies,Dies,Lives,False,0.0
185,Stark Raving Mad,Paying,05. Tyrion Lannister,3.0,Dies,Dies,Lives,False,0.0
193,Stop Dragon My Horse Heart Around,Paying,05. Tyrion Lannister,3.0,Lives,Lives,Lives,True,3.0
179,Sword Swallowers through and through,Paying,05. Tyrion Lannister,3.0,Dies,Dies,Lives,False,0.0
196,That’s what I do: I drink and I know things.,Paying,05. Tyrion Lannister,3.0,Lives,Lives,Lives,True,3.0
203,The Ed Sheeran Fan Club,Paying,05. Tyrion Lannister,3.0,Dies,Dies,Lives,False,0.0
202,The House of Lesbian Poets,Paying,05. Tyrion Lannister,3.0,Dies,Dies,Lives,False,0.0
211,Tormund's Member Rewards Club,Paying,05. Tyrion Lannister,3.0,Dies,Dies,Lives,False,0.0
190,Xander's Dragons,Paying,05. Tyrion Lannister,3.0,Lives,Lives,Lives,True,3.0
194,"Ygritte in the Streets, Khaleesi in the Sheets",Paying,05. Tyrion Lannister,3.0,Lives,Lives,Lives,True,3.0
222,A Girl Has No Team Name,Paying,06. Bran Stark,2.0,Dies,Dies,Lives,False,0.0
239,A Team Has No Name,Paying,06. Bran Stark,2.0,Lives,Lives,Lives,True,2.0
224,A Wizard of Cersei,Paying,06. Bran Stark,2.0,Dies,Dies,Lives,False,0.0
248,Aaron on the Throne,Paying,06. Bran Stark,2.0,Lives,Lives,Lives,True,2.0
232,All Bronn and no brains,Paying,06. Bran Stark,2.0,Dies,Dies,Lives,False,0.0
253,Arya Dead Yet?,Paying,06. Bran Stark,2.0,Dies,Dies,Lives,False,0.0
242,"Arya Ready Kids? (Aye, Aye, Captain of the Guards!)",Paying,06. Bran Stark,2.0,Dies,Dies,Lives,False,0.0
249,"Breaker of Fasts, Mother of Brunches",Paying,06. Bran Stark,2.0,Dies,Dies,Lives,False,0.0
220,Bri-Anne,Paying,06. Bran Stark,2.0,Dies,Dies,Lives,False,0.0
243,Bri-Enne Of Green Gables,Paying,06. Bran Stark,2.0,Dies,Dies,Lives,False,0.0
256,Bronn Swanson,Paying,06. Bran Stark,2.0,Lives,Lives,Lives,True,2.0
262,Bronn: The Decision,Paying,06. Bran Stark,2.0,Lives,Lives,Lives,True,2.0
236,"Carolyn of House Tambini, the First of Her Name, Queen of Kings, Burner of Princesses  ",Paying,06. Bran Stark,2.0,Dies,Dies,Lives,False,0.0
231,Dany Snow,Paying,06. Bran Stark,2.0,Lives,Lives,Lives,True,2.0
241,Davis the Bastard of Voltron,Paying,06. Bran Stark,2.0,Lives,Lives,Lives,True,2.0
250,Enjol-Raki ,Paying,06. Bran Stark,2.0,Lives,Lives,Lives,True,2.0
225,Flea Bottom Feeders,Paying,06. Bran Stark,2.0,Lives,Lives,Lives,True,2.0
235,House Magnus,Free,06. Bran Stark,2.0,Dies,Dies,Lives,False,0.0
251,Just Here for CleganeBowl,Paying,06. Bran Stark,2.0,Lives,Lives,Lives,True,2.0
233,"Lacy of House Garrison, Breaker of Games, Protector of Spoilers, King of West Hollywood, Father of Brad",Paying,06. Bran Stark,2.0,Lives,Lives,Lives,True,2.0
230,Lady Elizabeth of House Wray,Free,06. Bran Stark,2.0,Lives,Lives,Lives,True,2.0
260,Lady Kristi of the House of Brooks,Paying,06. Bran Stark,2.0,Lives,Lives,Lives,True,2.0
252,Lady Stoneheart,Paying,06. Bran Stark,2.0,Dies,Dies,Lives,False,0.0
244,Lil' Jon Snow White,Paying,06. Bran Stark,2.0,Lives,Lives,Lives,True,2.0
228,Little Fingers’ Little Finger,Paying,06. Bran Stark,2.0,Dies,Dies,Lives,False,0.0
263,Lord Ben-ish,Paying,06. Bran Stark,2.0,Dies,Dies,Lives,False,0.0
257,Matton Of The Hounds,Paying,06. Bran Stark,2.0,Lives,Lives,Lives,True,2.0
261,Mountain Mellon Crushers,Paying,06. Bran Stark,2.0,Dies,Dies,Lives,False,0.0
221,No Ygrittes,Paying,06. Bran Stark,2.0,Lives,Lives,Lives,True,2.0
254,"S'now way, Jose!",Paying,06. Bran Stark,2.0,Lives,Lives,Lives,True,2.0
226,Safari Ary,Paying,06. Bran Stark,2.0,Lives,Lives,Lives,True,2.0
227,Sand Snake Realness,Paying,06. Bran Stark,2.0,Dies,Dies,Lives,False,0.0
258,Sept of Baylor was an Inside job,Paying,06. Bran Stark,2.0,Lives,Lives,Lives,True,2.0
245,"Ser Dunton, Knight of the Laughing Tree",Paying,06. Bran Stark,2.0,Dies,Dies,Lives,False,0.0
259,Ser Hand Rale of House Bannister,Paying,06. Bran Stark,2.0,Lives,Lives,Lives,True,2.0
229,Stark Raving Mad,Paying,06. Bran Stark,2.0,Dies,Dies,Lives,False,0.0
237,Stop Dragon My Horse Heart Around,Paying,06. Bran Stark,2.0,Dies,Dies,Lives,False,0.0
223,Sword Swallowers through and through,Paying,06. Bran Stark,2.0,Dies,Dies,Lives,False,0.0
240,That’s what I do: I drink and I know things.,Paying,06. Bran Stark,2.0,Dies,Dies,Lives,False,0.0
247,The Ed Sheeran Fan Club,Paying,06. Bran Stark,2.0,Lives,Lives,Lives,True,2.0
246,The House of Lesbian Poets,Paying,06. Bran Stark,2.0,Lives,Lives,Lives,True,2.0
255,Tormund's Member Rewards Club,Paying,06. Bran Stark,2.0,Dies,Dies,Lives,False,0.0
234,Xander's Dragons,Paying,06. Bran Stark,2.0,Lives,Lives,Lives,True,2.0
238,"Ygritte in the Streets, Khaleesi in the Sheets",Paying,06. Bran Stark,2.0,Dies,Dies,Lives,False,0.0
266,A Girl Has No Team Name,Paying,07. Brienne of Tarth,2.0,Dies,Dies,Lives,False,0.0
283,A Team Has No Name,Paying,07. Brienne of Tarth,2.0,Dies,Dies,Lives,False,0.0
268,A Wizard of Cersei,Paying,07. Brienne of Tarth,2.0,Dies,Dies,Lives,False,0.0
292,Aaron on the Throne,Paying,07. Brienne of Tarth,2.0,Dies,Dies,Lives,False,0.0
276,All Bronn and no brains,Paying,07. Brienne of Tarth,2.0,Lives,Lives,Lives,True,2.0
297,Arya Dead Yet?,Paying,07. Brienne of Tarth,2.0,Dies,Dies,Lives,False,0.0
286,"Arya Ready Kids? (Aye, Aye, Captain of the Guards!)",Paying,07. Brienne of Tarth,2.0,Dies,Dies,Lives,False,0.0
293,"Breaker of Fasts, Mother of Brunches",Paying,07. Brienne of Tarth,2.0,Dies,Dies,Lives,False,0.0
264,Bri-Anne,Paying,07. Brienne of Tarth,2.0,Dies,Dies,Lives,False,0.0
287,Bri-Enne Of Green Gables,Paying,07. Brienne of Tarth,2.0,Lives,Lives,Lives,True,2.0
300,Bronn Swanson,Paying,07. Brienne of Tarth,2.0,Dies,Dies,Lives,False,0.0
306,Bronn: The Decision,Paying,07. Brienne of Tarth,2.0,Dies,Dies,Lives,False,0.0
280,"Carolyn of House Tambini, the First of Her Name, Queen of Kings, Burner of Princesses  ",Paying,07. Brienne of Tarth,2.0,Lives,Lives,Lives,True,2.0
275,Dany Snow,Paying,07. Brienne of Tarth,2.0,Dies,Dies,Lives,False,0.0
285,Davis the Bastard of Voltron,Paying,07. Brienne of Tarth,2.0,Lives,Lives,Lives,True,2.0
294,Enjol-Raki ,Paying,07. Brienne of Tarth,2.0,Dies,Dies,Lives,False,0.0
269,Flea Bottom Feeders,Paying,07. Brienne of Tarth,2.0,Dies,Dies,Lives,False,0.0
279,House Magnus,Free,07. Brienne of Tarth,2.0,Lives,Lives,Lives,True,2.0
295,Just Here for CleganeBowl,Paying,07. Brienne of Tarth,2.0,Dies,Dies,Lives,False,0.0
277,"Lacy of House Garrison, Breaker of Games, Protector of Spoilers, King of West Hollywood, Father of Brad",Paying,07. Brienne of Tarth,2.0,Lives,Lives,Lives,True,2.0
274,Lady Elizabeth of House Wray,Free,07. Brienne of Tarth,2.0,Dies,Dies,Lives,False,0.0
304,Lady Kristi of the House of Brooks,Paying,07. Brienne of Tarth,2.0,Dies,Dies,Lives,False,0.0
296,Lady Stoneheart,Paying,07. Brienne of Tarth,2.0,Dies,Dies,Lives,False,0.0
288,Lil' Jon Snow White,Paying,07. Brienne of Tarth,2.0,Lives,Lives,Lives,True,2.0
272,Little Fingers’ Little Finger,Paying,07. Brienne of Tarth,2.0,Lives,Lives,Lives,True,2.0
307,Lord Ben-ish,Paying,07. Brienne of Tarth,2.0,Lives,Lives,Lives,True,2.0
301,Matton Of The Hounds,Paying,07. Brienne of Tarth,2.0,Dies,Dies,Lives,False,0.0
305,Mountain Mellon Crushers,Paying,07. Brienne of Tarth,2.0,Dies,Dies,Lives,False,0.0
265,No Ygrittes,Paying,07. Brienne of Tarth,2.0,Dies,Dies,Lives,False,0.0
298,"S'now way, Jose!",Paying,07. Brienne of Tarth,2.0,Lives,Lives,Lives,True,2.0
270,Safari Ary,Paying,07. Brienne of Tarth,2.0,Lives,Lives,Lives,True,2.0
271,Sand Snake Realness,Paying,07. Brienne of Tarth,2.0,Dies,Dies,Lives,False,0.0
302,Sept of Baylor was an Inside job,Paying,07. Brienne of Tarth,2.0,Dies,Dies,Lives,False,0.0
289,"Ser Dunton, Knight of the Laughing Tree",Paying,07. Brienne of Tarth,2.0,Dies,Dies,Lives,False,0.0
303,Ser Hand Rale of House Bannister,Paying,07. Brienne of Tarth,2.0,Lives,Lives,Lives,True,2.0
273,Stark Raving Mad,Paying,07. Brienne of Tarth,2.0,Dies,Dies,Lives,False,0.0
281,Stop Dragon My Horse Heart Around,Paying,07. Brienne of Tarth,2.0,Lives,Lives,Lives,True,2.0
267,Sword Swallowers through and through,Paying,07. Brienne of Tarth,2.0,Dies,Dies,Lives,False,0.0
284,That’s what I do: I drink and I know things.,Paying,07. Brienne of Tarth,2.0,Dies,Dies,Lives,False,0.0
291,The Ed Sheeran Fan Club,Paying,07. Brienne of Tarth,2.0,Dies,Dies,Lives,False,0.0
290,The House of Lesbian Poets,Paying,07. Brienne of Tarth,2.0,Dies,Dies,Lives,False,0.0
299,Tormund's Member Rewards Club,Paying,07. Brienne of Tarth,2.0,Dies,Dies,Lives,False,0.0
278,Xander's Dragons,Paying,07. Brienne of Tarth,2.0,Dies,Dies,Lives,False,0.0
282,"Ygritte in the Streets, Khaleesi in the Sheets",Paying,07. Brienne of Tarth,2.0,Dies,Dies,Lives,False,0.0
310,A Girl Has No Team Name,Paying,08. Cersei Lannister,2.0,Dies,Dies,Lives,False,0.0
327,A Team Has No Name,Paying,08. Cersei Lannister,2.0,Dies,Dies,Lives,False,0.0
312,A Wizard of Cersei,Paying,08. Cersei Lannister,2.0,Dies,Dies,Lives,False,0.0
336,Aaron on the Throne,Paying,08. Cersei Lannister,2.0,Dies,Dies,Lives,False,0.0
320,All Bronn and no brains,Paying,08. Cersei Lannister,2.0,Dies,Dies,Lives,False,0.0
341,Arya Dead Yet?,Paying,08. Cersei Lannister,2.0,Dies,Dies,Lives,False,0.0
330,"Arya Ready Kids? (Aye, Aye, Captain of the Guards!)",Paying,08. Cersei Lannister,2.0,Dies,Dies,Lives,False,0.0
337,"Breaker of Fasts, Mother of Brunches",Paying,08. Cersei Lannister,2.0,Dies,Dies,Lives,False,0.0
308,Bri-Anne,Paying,08. Cersei Lannister,2.0,Dies,Dies,Lives,False,0.0
331,Bri-Enne Of Green Gables,Paying,08. Cersei Lannister,2.0,Dies,Dies,Lives,False,0.0
344,Bronn Swanson,Paying,08. Cersei Lannister,2.0,Dies,Dies,Lives,False,0.0
350,Bronn: The Decision,Paying,08. Cersei Lannister,2.0,Dies,Dies,Lives,False,0.0
324,"Carolyn of House Tambini, the First of Her Name, Queen of Kings, Burner of Princesses  ",Paying,08. Cersei Lannister,2.0,Dies,Dies,Lives,False,0.0
319,Dany Snow,Paying,08. Cersei Lannister,2.0,Dies,Dies,Lives,False,0.0
329,Davis the Bastard of Voltron,Paying,08. Cersei Lannister,2.0,Dies,Dies,Lives,False,0.0
338,Enjol-Raki ,Paying,08. Cersei Lannister,2.0,Dies,Dies,Lives,False,0.0
313,Flea Bottom Feeders,Paying,08. Cersei Lannister,2.0,Lives,Lives,Lives,True,2.0
323,House Magnus,Free,08. Cersei Lannister,2.0,Lives,Lives,Lives,True,2.0
339,Just Here for CleganeBowl,Paying,08. Cersei Lannister,2.0,Dies,Dies,Lives,False,0.0
321,"Lacy of House Garrison, Breaker of Games, Protector of Spoilers, King of West Hollywood, Father of Brad",Paying,08. Cersei Lannister,2.0,Dies,Dies,Lives,False,0.0
318,Lady Elizabeth of House Wray,Free,08. Cersei Lannister,2.0,Dies,Dies,Lives,False,0.0
348,Lady Kristi of the House of Brooks,Paying,08. Cersei Lannister,2.0,Lives,Lives,Lives,True,2.0
340,Lady Stoneheart,Paying,08. Cersei Lannister,2.0,Dies,Dies,Lives,False,0.0
332,Lil' Jon Snow White,Paying,08. Cersei Lannister,2.0,Dies,Dies,Lives,False,0.0
316,Little Fingers’ Little Finger,Paying,08. Cersei Lannister,2.0,Dies,Dies,Lives,False,0.0
351,Lord Ben-ish,Paying,08. Cersei Lannister,2.0,Dies,Dies,Lives,False,0.0
345,Matton Of The Hounds,Paying,08. Cersei Lannister,2.0,Dies,Dies,Lives,False,0.0
349,Mountain Mellon Crushers,Paying,08. Cersei Lannister,2.0,Dies,Dies,Lives,False,0.0
309,No Ygrittes,Paying,08. Cersei Lannister,2.0,Dies,Dies,Lives,False,0.0
342,"S'now way, Jose!",Paying,08. Cersei Lannister,2.0,Dies,Dies,Lives,False,0.0
314,Safari Ary,Paying,08. Cersei Lannister,2.0,Lives,Lives,Lives,True,2.0
315,Sand Snake Realness,Paying,08. Cersei Lannister,2.0,Dies,Dies,Lives,False,0.0
346,Sept of Baylor was an Inside job,Paying,08. Cersei Lannister,2.0,Dies,Dies,Lives,False,0.0
333,"Ser Dunton, Knight of the Laughing Tree",Paying,08. Cersei Lannister,2.0,Dies,Dies,Lives,False,0.0
347,Ser Hand Rale of House Bannister,Paying,08. Cersei Lannister,2.0,Dies,Dies,Lives,False,0.0
317,Stark Raving Mad,Paying,08. Cersei Lannister,2.0,Dies,Dies,Lives,False,0.0
325,Stop Dragon My Horse Heart Around,Paying,08. Cersei Lannister,2.0,Dies,Dies,Lives,False,0.0
311,Sword Swallowers through and through,Paying,08. Cersei Lannister,2.0,Dies,Dies,Lives,False,0.0
328,That’s what I do: I drink and I know things.,Paying,08. Cersei Lannister,2.0,Dies,Dies,Lives,False,0.0
335,The Ed Sheeran Fan Club,Paying,08. Cersei Lannister,2.0,Dies,Dies,Lives,False,0.0
334,The House of Lesbian Poets,Paying,08. Cersei Lannister,2.0,Dies,Dies,Lives,False,0.0
343,Tormund's Member Rewards Club,Paying,08. Cersei Lannister,2.0,Dies,Dies,Lives,False,0.0
322,Xander's Dragons,Paying,08. Cersei Lannister,2.0,Dies,Dies,Lives,False,0.0
326,"Ygritte in the Streets, Khaleesi in the Sheets",Paying,08. Cersei Lannister,2.0,Dies,Dies,Lives,False,0.0
354,A Girl Has No Team Name,Paying,09. Davos Seaworth,2.0,Lives,Lives,Lives,True,2.0
371,A Team Has No Name,Paying,09. Davos Seaworth,2.0,Dies,Dies,Lives,False,0.0
356,A Wizard of Cersei,Paying,09. Davos Seaworth,2.0,Lives,Lives,Lives,True,2.0
380,Aaron on the Throne,Paying,09. Davos Seaworth,2.0,Dies,Dies,Lives,False,0.0
364,All Bronn and no brains,Paying,09. Davos Seaworth,2.0,Lives,Lives,Lives,True,2.0
385,Arya Dead Yet?,Paying,09. Davos Seaworth,2.0,Dies,Dies,Lives,False,0.0
374,"Arya Ready Kids? (Aye, Aye, Captain of the Guards!)",Paying,09. Davos Seaworth,2.0,Lives,Lives,Lives,True,2.0
381,"Breaker of Fasts, Mother of Brunches",Paying,09. Davos Seaworth,2.0,Dies,Dies,Lives,False,0.0
352,Bri-Anne,Paying,09. Davos Seaworth,2.0,Dies,Dies,Lives,False,0.0
375,Bri-Enne Of Green Gables,Paying,09. Davos Seaworth,2.0,Dies,Dies,Lives,False,0.0
388,Bronn Swanson,Paying,09. Davos Seaworth,2.0,Dies,Dies,Lives,False,0.0
394,Bronn: The Decision,Paying,09. Davos Seaworth,2.0,Dies,Dies,Lives,False,0.0
368,"Carolyn of House Tambini, the First of Her Name, Queen of Kings, Burner of Princesses  ",Paying,09. Davos Seaworth,2.0,Dies,Dies,Lives,False,0.0
363,Dany Snow,Paying,09. Davos Seaworth,2.0,Lives,Lives,Lives,True,2.0
373,Davis the Bastard of Voltron,Paying,09. Davos Seaworth,2.0,Lives,Lives,Lives,True,2.0
382,Enjol-Raki ,Paying,09. Davos Seaworth,2.0,Dies,Dies,Lives,False,0.0
357,Flea Bottom Feeders,Paying,09. Davos Seaworth,2.0,Dies,Dies,Lives,False,0.0
367,House Magnus,Free,09. Davos Seaworth,2.0,Dies,Dies,Lives,False,0.0
383,Just Here for CleganeBowl,Paying,09. Davos Seaworth,2.0,Dies,Dies,Lives,False,0.0
365,"Lacy of House Garrison, Breaker of Games, Protector of Spoilers, King of West Hollywood, Father of Brad",Paying,09. Davos Seaworth,2.0,Lives,Lives,Lives,True,2.0
362,Lady Elizabeth of House Wray,Free,09. Davos Seaworth,2.0,Dies,Dies,Lives,False,0.0
392,Lady Kristi of the House of Brooks,Paying,09. Davos Seaworth,2.0,Dies,Dies,Lives,False,0.0
384,Lady Stoneheart,Paying,09. Davos Seaworth,2.0,Lives,Lives,Lives,True,2.0
376,Lil' Jon Snow White,Paying,09. Davos Seaworth,2.0,Lives,Lives,Lives,True,2.0
360,Little Fingers’ Little Finger,Paying,09. Davos Seaworth,2.0,Lives,Lives,Lives,True,2.0
395,Lord Ben-ish,Paying,09. Davos Seaworth,2.0,Lives,Lives,Lives,True,2.0
389,Matton Of The Hounds,Paying,09. Davos Seaworth,2.0,Lives,Lives,Lives,True,2.0
393,Mountain Mellon Crushers,Paying,09. Davos Seaworth,2.0,Dies,Dies,Lives,False,0.0
353,No Ygrittes,Paying,09. Davos Seaworth,2.0,Lives,Lives,Lives,True,2.0
386,"S'now way, Jose!",Paying,09. Davos Seaworth,2.0,Dies,Dies,Lives,False,0.0
358,Safari Ary,Paying,09. Davos Seaworth,2.0,Lives,Lives,Lives,True,2.0
359,Sand Snake Realness,Paying,09. Davos Seaworth,2.0,Dies,Dies,Lives,False,0.0
390,Sept of Baylor was an Inside job,Paying,09. Davos Seaworth,2.0,Dies,Dies,Lives,False,0.0
377,"Ser Dunton, Knight of the Laughing Tree",Paying,09. Davos Seaworth,2.0,Lives,Lives,Lives,True,2.0
391,Ser Hand Rale of House Bannister,Paying,09. Davos Seaworth,2.0,Lives,Lives,Lives,True,2.0
361,Stark Raving Mad,Paying,09. Davos Seaworth,2.0,Dies,Dies,Lives,False,0.0
369,Stop Dragon My Horse Heart Around,Paying,09. Davos Seaworth,2.0,Lives,Lives,Lives,True,2.0
355,Sword Swallowers through and through,Paying,09. Davos Seaworth,2.0,Dies,Dies,Lives,False,0.0
372,That’s what I do: I drink and I know things.,Paying,09. Davos Seaworth,2.0,Dies,Dies,Lives,False,0.0
379,The Ed Sheeran Fan Club,Paying,09. Davos Seaworth,2.0,Lives,Lives,Lives,True,2.0
378,The House of Lesbian Poets,Paying,09. Davos Seaworth,2.0,Lives,Lives,Lives,True,2.0
387,Tormund's Member Rewards Club,Paying,09. Davos Seaworth,2.0,Lives,Lives,Lives,True,2.0
366,Xander's Dragons,Paying,09. Davos Seaworth,2.0,Dies,Dies,Lives,False,0.0
370,"Ygritte in the Streets, Khaleesi in the Sheets",Paying,09. Davos Seaworth,2.0,Dies,Dies,Lives,False,0.0
398,A Girl Has No Team Name,Paying,10. Jaime Lannister,2.0,Lives,Lives,Lives,True,2.0
415,A Team Has No Name,Paying,10. Jaime Lannister,2.0,Dies,Dies,Lives,False,0.0
400,A Wizard of Cersei,Paying,10. Jaime Lannister,2.0,Dies,Dies,Lives,False,0.0
424,Aaron on the Throne,Paying,10. Jaime Lannister,2.0,Lives,Lives,Lives,True,2.0
408,All Bronn and no brains,Paying,10. Jaime Lannister,2.0,Dies,Dies,Lives,False,0.0
429,Arya Dead Yet?,Paying,10. Jaime Lannister,2.0,Lives,Lives,Lives,True,2.0
418,"Arya Ready Kids? (Aye, Aye, Captain of the Guards!)",Paying,10. Jaime Lannister,2.0,Dies,Dies,Lives,False,0.0
425,"Breaker of Fasts, Mother of Brunches",Paying,10. Jaime Lannister,2.0,Lives,Lives,Lives,True,2.0
396,Bri-Anne,Paying,10. Jaime Lannister,2.0,Lives,Lives,Lives,True,2.0
419,Bri-Enne Of Green Gables,Paying,10. Jaime Lannister,2.0,Dies,Dies,Lives,False,0.0
432,Bronn Swanson,Paying,10. Jaime Lannister,2.0,Lives,Lives,Lives,True,2.0
438,Bronn: The Decision,Paying,10. Jaime Lannister,2.0,Dies,Dies,Lives,False,0.0
412,"Carolyn of House Tambini, the First of Her Name, Queen of Kings, Burner of Princesses  ",Paying,10. Jaime Lannister,2.0,Lives,Lives,Lives,True,2.0
407,Dany Snow,Paying,10. Jaime Lannister,2.0,Lives,Lives,Lives,True,2.0
417,Davis the Bastard of Voltron,Paying,10. Jaime Lannister,2.0,Lives,Lives,Lives,True,2.0
426,Enjol-Raki ,Paying,10. Jaime Lannister,2.0,Dies,Dies,Lives,False,0.0
401,Flea Bottom Feeders,Paying,10. Jaime Lannister,2.0,Dies,Dies,Lives,False,0.0
411,House Magnus,Free,10. Jaime Lannister,2.0,Dies,Dies,Lives,False,0.0
427,Just Here for CleganeBowl,Paying,10. Jaime Lannister,2.0,Dies,Dies,Lives,False,0.0
409,"Lacy of House Garrison, Breaker of Games, Protector of Spoilers, King of West Hollywood, Father of Brad",Paying,10. Jaime Lannister,2.0,Dies,Dies,Lives,False,0.0
406,Lady Elizabeth of House Wray,Free,10. Jaime Lannister,2.0,Lives,Lives,Lives,True,2.0
436,Lady Kristi of the House of Brooks,Paying,10. Jaime Lannister,2.0,Lives,Lives,Lives,True,2.0
428,Lady Stoneheart,Paying,10. Jaime Lannister,2.0,Lives,Lives,Lives,True,2.0
420,Lil' Jon Snow White,Paying,10. Jaime Lannister,2.0,Dies,Dies,Lives,False,0.0
404,Little Fingers’ Little Finger,Paying,10. Jaime Lannister,2.0,Dies,Dies,Lives,False,0.0
439,Lord Ben-ish,Paying,10. Jaime Lannister,2.0,Dies,Dies,Lives,False,0.0
433,Matton Of The Hounds,Paying,10. Jaime Lannister,2.0,Dies,Dies,Lives,False,0.0
437,Mountain Mellon Crushers,Paying,10. Jaime Lannister,2.0,Lives,Lives,Lives,True,2.0
397,No Ygrittes,Paying,10. Jaime Lannister,2.0,Dies,Dies,Lives,False,0.0
430,"S'now way, Jose!",Paying,10. Jaime Lannister,2.0,Dies,Dies,Lives,False,0.0
402,Safari Ary,Paying,10. Jaime Lannister,2.0,Lives,Lives,Lives,True,2.0
403,Sand Snake Realness,Paying,10. Jaime Lannister,2.0,Dies,Dies,Lives,False,0.0
434,Sept of Baylor was an Inside job,Paying,10. Jaime Lannister,2.0,Lives,Lives,Lives,True,2.0
421,"Ser Dunton, Knight of the Laughing Tree",Paying,10. Jaime Lannister,2.0,Dies,Dies,Lives,False,0.0
435,Ser Hand Rale of House Bannister,Paying,10. Jaime Lannister,2.0,Dies,Dies,Lives,False,0.0
405,Stark Raving Mad,Paying,10. Jaime Lannister,2.0,Lives,Lives,Lives,True,2.0
413,Stop Dragon My Horse Heart Around,Paying,10. Jaime Lannister,2.0,Dies,Dies,Lives,False,0.0
399,Sword Swallowers through and through,Paying,10. Jaime Lannister,2.0,Lives,Lives,Lives,True,2.0
416,That’s what I do: I drink and I know things.,Paying,10. Jaime Lannister,2.0,Dies,Dies,Lives,False,0.0
423,The Ed Sheeran Fan Club,Paying,10. Jaime Lannister,2.0,Lives,Lives,Lives,True,2.0
422,The House of Lesbian Poets,Paying,10. Jaime Lannister,2.0,Dies,Dies,Lives,False,0.0
431,Tormund's Member Rewards Club,Paying,10. Jaime Lannister,2.0,Dies,Dies,Lives,False,0.0
410,Xander's Dragons,Paying,10. Jaime Lannister,2.0,Dies,Dies,Lives,False,0.0
414,"Ygritte in the Streets, Khaleesi in the Sheets",Paying,10. Jaime Lannister,2.0,Dies,Dies,Lives,False,0.0
442,A Girl Has No Team Name,Paying,11. Jorah Mormont,2.0,Dies,Dies,Lives,False,0.0
459,A Team Has No Name,Paying,11. Jorah Mormont,2.0,Dies,Dies,Lives,False,0.0
444,A Wizard of Cersei,Paying,11. Jorah Mormont,2.0,Dies,Dies,Lives,False,0.0
468,Aaron on the Throne,Paying,11. Jorah Mormont,2.0,Dies,Dies,Lives,False,0.0
452,All Bronn and no brains,Paying,11. Jorah Mormont,2.0,Lives,Lives,Lives,True,2.0
473,Arya Dead Yet?,Paying,11. Jorah Mormont,2.0,Lives,Lives,Lives,True,2.0
462,"Arya Ready Kids? (Aye, Aye, Captain of the Guards!)",Paying,11. Jorah Mormont,2.0,Dies,Dies,Lives,False,0.0
469,"Breaker of Fasts, Mother of Brunches",Paying,11. Jorah Mormont,2.0,Dies,Dies,Lives,False,0.0
440,Bri-Anne,Paying,11. Jorah Mormont,2.0,Dies,Dies,Lives,False,0.0
463,Bri-Enne Of Green Gables,Paying,11. Jorah Mormont,2.0,Dies,Dies,Lives,False,0.0
476,Bronn Swanson,Paying,11. Jorah Mormont,2.0,Dies,Dies,Lives,False,0.0
482,Bronn: The Decision,Paying,11. Jorah Mormont,2.0,Dies,Dies,Lives,False,0.0
456,"Carolyn of House Tambini, the First of Her Name, Queen of Kings, Burner of Princesses  ",Paying,11. Jorah Mormont,2.0,Dies,Dies,Lives,False,0.0
451,Dany Snow,Paying,11. Jorah Mormont,2.0,Dies,Dies,Lives,False,0.0
461,Davis the Bastard of Voltron,Paying,11. Jorah Mormont,2.0,Dies,Dies,Lives,False,0.0
470,Enjol-Raki ,Paying,11. Jorah Mormont,2.0,Dies,Dies,Lives,False,0.0
445,Flea Bottom Feeders,Paying,11. Jorah Mormont,2.0,Dies,Dies,Lives,False,0.0
455,House Magnus,Free,11. Jorah Mormont,2.0,Dies,Dies,Lives,False,0.0
471,Just Here for CleganeBowl,Paying,11. Jorah Mormont,2.0,Dies,Dies,Lives,False,0.0
453,"Lacy of House Garrison, Breaker of Games, Protector of Spoilers, King of West Hollywood, Father of Brad",Paying,11. Jorah Mormont,2.0,Dies,Dies,Lives,False,0.0
450,Lady Elizabeth of House Wray,Free,11. Jorah Mormont,2.0,Dies,Dies,Lives,False,0.0
480,Lady Kristi of the House of Brooks,Paying,11. Jorah Mormont,2.0,Dies,Dies,Lives,False,0.0
472,Lady Stoneheart,Paying,11. Jorah Mormont,2.0,Dies,Dies,Lives,False,0.0
464,Lil' Jon Snow White,Paying,11. Jorah Mormont,2.0,Dies,Dies,Lives,False,0.0
448,Little Fingers’ Little Finger,Paying,11. Jorah Mormont,2.0,Dies,Dies,Lives,False,0.0
483,Lord Ben-ish,Paying,11. Jorah Mormont,2.0,Dies,Dies,Lives,False,0.0
477,Matton Of The Hounds,Paying,11. Jorah Mormont,2.0,Dies,Dies,Lives,False,0.0
481,Mountain Mellon Crushers,Paying,11. Jorah Mormont,2.0,Dies,Dies,Lives,False,0.0
441,No Ygrittes,Paying,11. Jorah Mormont,2.0,Dies,Dies,Lives,False,0.0
474,"S'now way, Jose!",Paying,11. Jorah Mormont,2.0,Dies,Dies,Lives,False,0.0
446,Safari Ary,Paying,11. Jorah Mormont,2.0,Lives,Lives,Lives,True,2.0
447,Sand Snake Realness,Paying,11. Jorah Mormont,2.0,Dies,Dies,Lives,False,0.0
478,Sept of Baylor was an Inside job,Paying,11. Jorah Mormont,2.0,Dies,Dies,Lives,False,0.0
465,"Ser Dunton, Knight of the Laughing Tree",Paying,11. Jorah Mormont,2.0,Dies,Dies,Lives,False,0.0
479,Ser Hand Rale of House Bannister,Paying,11. Jorah Mormont,2.0,Dies,Dies,Lives,False,0.0
449,Stark Raving Mad,Paying,11. Jorah Mormont,2.0,Dies,Dies,Lives,False,0.0
457,Stop Dragon My Horse Heart Around,Paying,11. Jorah Mormont,2.0,Dies,Dies,Lives,False,0.0
443,Sword Swallowers through and through,Paying,11. Jorah Mormont,2.0,Dies,Dies,Lives,False,0.0
460,That’s what I do: I drink and I know things.,Paying,11. Jorah Mormont,2.0,Dies,Dies,Lives,False,0.0
467,The Ed Sheeran Fan Club,Paying,11. Jorah Mormont,2.0,Lives,Lives,Lives,True,2.0
466,The House of Lesbian Poets,Paying,11. Jorah Mormont,2.0,Dies,Dies,Lives,False,0.0
475,Tormund's Member Rewards Club,Paying,11. Jorah Mormont,2.0,Dies,Dies,Lives,False,0.0
454,Xander's Dragons,Paying,11. Jorah Mormont,2.0,Dies,Dies,Lives,False,0.0
458,"Ygritte in the Streets, Khaleesi in the Sheets",Paying,11. Jorah Mormont,2.0,Dies,Dies,Lives,False,0.0
486,A Girl Has No Team Name,Paying,12. Samwell Tarly,2.0,Lives,Lives,Lives,True,2.0
503,A Team Has No Name,Paying,12. Samwell Tarly,2.0,Lives,Lives,Lives,True,2.0
488,A Wizard of Cersei,Paying,12. Samwell Tarly,2.0,Lives,Lives,Lives,True,2.0
512,Aaron on the Throne,Paying,12. Samwell Tarly,2.0,Lives,Lives,Lives,True,2.0
496,All Bronn and no brains,Paying,12. Samwell Tarly,2.0,Lives,Lives,Lives,True,2.0
517,Arya Dead Yet?,Paying,12. Samwell Tarly,2.0,Dies,Dies,Lives,False,0.0
506,"Arya Ready Kids? (Aye, Aye, Captain of the Guards!)",Paying,12. Samwell Tarly,2.0,Dies,Dies,Lives,False,0.0
513,"Breaker of Fasts, Mother of Brunches",Paying,12. Samwell Tarly,2.0,Lives,Lives,Lives,True,2.0
484,Bri-Anne,Paying,12. Samwell Tarly,2.0,Lives,Lives,Lives,True,2.0
507,Bri-Enne Of Green Gables,Paying,12. Samwell Tarly,2.0,Lives,Lives,Lives,True,2.0
520,Bronn Swanson,Paying,12. Samwell Tarly,2.0,Lives,Lives,Lives,True,2.0
526,Bronn: The Decision,Paying,12. Samwell Tarly,2.0,Lives,Lives,Lives,True,2.0
500,"Carolyn of House Tambini, the First of Her Name, Queen of Kings, Burner of Princesses  ",Paying,12. Samwell Tarly,2.0,Lives,Lives,Lives,True,2.0
495,Dany Snow,Paying,12. Samwell Tarly,2.0,Lives,Lives,Lives,True,2.0
505,Davis the Bastard of Voltron,Paying,12. Samwell Tarly,2.0,Lives,Lives,Lives,True,2.0
514,Enjol-Raki ,Paying,12. Samwell Tarly,2.0,Dies,Dies,Lives,False,0.0
489,Flea Bottom Feeders,Paying,12. Samwell Tarly,2.0,Lives,Lives,Lives,True,2.0
499,House Magnus,Free,12. Samwell Tarly,2.0,Lives,Lives,Lives,True,2.0
515,Just Here for CleganeBowl,Paying,12. Samwell Tarly,2.0,Dies,Dies,Lives,False,0.0
497,"Lacy of House Garrison, Breaker of Games, Protector of Spoilers, King of West Hollywood, Father of Brad",Paying,12. Samwell Tarly,2.0,Lives,Lives,Lives,True,2.0
494,Lady Elizabeth of House Wray,Free,12. Samwell Tarly,2.0,Dies,Dies,Lives,False,0.0
524,Lady Kristi of the House of Brooks,Paying,12. Samwell Tarly,2.0,Lives,Lives,Lives,True,2.0
516,Lady Stoneheart,Paying,12. Samwell Tarly,2.0,Lives,Lives,Lives,True,2.0
508,Lil' Jon Snow White,Paying,12. Samwell Tarly,2.0,Lives,Lives,Lives,True,2.0
492,Little Fingers’ Little Finger,Paying,12. Samwell Tarly,2.0,Lives,Lives,Lives,True,2.0
527,Lord Ben-ish,Paying,12. Samwell Tarly,2.0,Lives,Lives,Lives,True,2.0
521,Matton Of The Hounds,Paying,12. Samwell Tarly,2.0,Lives,Lives,Lives,True,2.0
525,Mountain Mellon Crushers,Paying,12. Samwell Tarly,2.0,Lives,Lives,Lives,True,2.0
485,No Ygrittes,Paying,12. Samwell Tarly,2.0,Lives,Lives,Lives,True,2.0
518,"S'now way, Jose!",Paying,12. Samwell Tarly,2.0,Lives,Lives,Lives,True,2.0
490,Safari Ary,Paying,12. Samwell Tarly,2.0,Lives,Lives,Lives,True,2.0
491,Sand Snake Realness,Paying,12. Samwell Tarly,2.0,Lives,Lives,Lives,True,2.0
522,Sept of Baylor was an Inside job,Paying,12. Samwell Tarly,2.0,Lives,Lives,Lives,True,2.0
509,"Ser Dunton, Knight of the Laughing Tree",Paying,12. Samwell Tarly,2.0,Lives,Lives,Lives,True,2.0
523,Ser Hand Rale of House Bannister,Paying,12. Samwell Tarly,2.0,Lives,Lives,Lives,True,2.0
493,Stark Raving Mad,Paying,12. Samwell Tarly,2.0,Lives,Lives,Lives,True,2.0
501,Stop Dragon My Horse Heart Around,Paying,12. Samwell Tarly,2.0,Lives,Lives,Lives,True,2.0
487,Sword Swallowers through and through,Paying,12. Samwell Tarly,2.0,Lives,Lives,Lives,True,2.0
504,That’s what I do: I drink and I know things.,Paying,12. Samwell Tarly,2.0,Lives,Lives,Lives,True,2.0
511,The Ed Sheeran Fan Club,Paying,12. Samwell Tarly,2.0,Lives,Lives,Lives,True,2.0
510,The House of Lesbian Poets,Paying,12. Samwell Tarly,2.0,Lives,Lives,Lives,True,2.0
519,Tormund's Member Rewards Club,Paying,12. Samwell Tarly,2.0,Lives,Lives,Lives,True,2.0
498,Xander's Dragons,Paying,12. Samwell Tarly,2.0,Lives,Lives,Lives,True,2.0
502,"Ygritte in the Streets, Khaleesi in the Sheets",Paying,12. Samwell Tarly,2.0,Lives,Lives,Lives,True,2.0
530,A Girl Has No Team Name,Paying,13. Theon Greyjoy,2.0,Dies,Dies,Lives,False,0.0
547,A Team Has No Name,Paying,13. Theon Greyjoy,2.0,Dies,Dies,Lives,False,0.0
532,A Wizard of Cersei,Paying,13. Theon Greyjoy,2.0,Dies,Dies,Lives,False,0.0
556,Aaron on the Throne,Paying,13. Theon Greyjoy,2.0,Dies,Dies,Lives,False,0.0
540,All Bronn and no brains,Paying,13. Theon Greyjoy,2.0,Lives,Lives,Lives,True,2.0
561,Arya Dead Yet?,Paying,13. Theon Greyjoy,2.0,Dies,Dies,Lives,False,0.0
550,"Arya Ready Kids? (Aye, Aye, Captain of the Guards!)",Paying,13. Theon Greyjoy,2.0,Dies,Dies,Lives,False,0.0
557,"Breaker of Fasts, Mother of Brunches",Paying,13. Theon Greyjoy,2.0,Lives,Lives,Lives,True,2.0
528,Bri-Anne,Paying,13. Theon Greyjoy,2.0,Dies,Dies,Lives,False,0.0
551,Bri-Enne Of Green Gables,Paying,13. Theon Greyjoy,2.0,Dies,Dies,Lives,False,0.0
564,Bronn Swanson,Paying,13. Theon Greyjoy,2.0,Dies,Dies,Lives,False,0.0
570,Bronn: The Decision,Paying,13. Theon Greyjoy,2.0,Dies,Dies,Lives,False,0.0
544,"Carolyn of House Tambini, the First of Her Name, Queen of Kings, Burner of Princesses  ",Paying,13. Theon Greyjoy,2.0,Lives,Lives,Lives,True,2.0
539,Dany Snow,Paying,13. Theon Greyjoy,2.0,Dies,Dies,Lives,False,0.0
549,Davis the Bastard of Voltron,Paying,13. Theon Greyjoy,2.0,Dies,Dies,Lives,False,0.0
558,Enjol-Raki ,Paying,13. Theon Greyjoy,2.0,Dies,Dies,Lives,False,0.0
533,Flea Bottom Feeders,Paying,13. Theon Greyjoy,2.0,Dies,Dies,Lives,False,0.0
543,House Magnus,Free,13. Theon Greyjoy,2.0,Lives,Lives,Lives,True,2.0
559,Just Here for CleganeBowl,Paying,13. Theon Greyjoy,2.0,Dies,Dies,Lives,False,0.0
541,"Lacy of House Garrison, Breaker of Games, Protector of Spoilers, King of West Hollywood, Father of Brad",Paying,13. Theon Greyjoy,2.0,Dies,Dies,Lives,False,0.0
538,Lady Elizabeth of House Wray,Free,13. Theon Greyjoy,2.0,Lives,Lives,Lives,True,2.0
568,Lady Kristi of the House of Brooks,Paying,13. Theon Greyjoy,2.0,Lives,Lives,Lives,True,2.0
560,Lady Stoneheart,Paying,13. Theon Greyjoy,2.0,Dies,Dies,Lives,False,0.0
552,Lil' Jon Snow White,Paying,13. Theon Greyjoy,2.0,Lives,Lives,Lives,True,2.0
536,Little Fingers’ Little Finger,Paying,13. Theon Greyjoy,2.0,Dies,Dies,Lives,False,0.0
571,Lord Ben-ish,Paying,13. Theon Greyjoy,2.0,Dies,Dies,Lives,False,0.0
565,Matton Of The Hounds,Paying,13. Theon Greyjoy,2.0,Dies,Dies,Lives,False,0.0
569,Mountain Mellon Crushers,Paying,13. Theon Greyjoy,2.0,Dies,Dies,Lives,False,0.0
529,No Ygrittes,Paying,13. Theon Greyjoy,2.0,Dies,Dies,Lives,False,0.0
562,"S'now way, Jose!",Paying,13. Theon Greyjoy,2.0,Dies,Dies,Lives,False,0.0
534,Safari Ary,Paying,13. Theon Greyjoy,2.0,Dies,Dies,Lives,False,0.0
535,Sand Snake Realness,Paying,13. Theon Greyjoy,2.0,Dies,Dies,Lives,False,0.0
566,Sept of Baylor was an Inside job,Paying,13. Theon Greyjoy,2.0,Dies,Dies,Lives,False,0.0
553,"Ser Dunton, Knight of the Laughing Tree",Paying,13. Theon Greyjoy,2.0,Dies,Dies,Lives,False,0.0
567,Ser Hand Rale of House Bannister,Paying,13. Theon Greyjoy,2.0,Dies,Dies,Lives,False,0.0
537,Stark Raving Mad,Paying,13. Theon Greyjoy,2.0,Dies,Dies,Lives,False,0.0
545,Stop Dragon My Horse Heart Around,Paying,13. Theon Greyjoy,2.0,Dies,Dies,Lives,False,0.0
531,Sword Swallowers through and through,Paying,13. Theon Greyjoy,2.0,Dies,Dies,Lives,False,0.0
548,That’s what I do: I drink and I know things.,Paying,13. Theon Greyjoy,2.0,Lives,Lives,Lives,True,2.0
555,The Ed Sheeran Fan Club,Paying,13. Theon Greyjoy,2.0,Dies,Dies,Lives,False,0.0
554,The House of Lesbian Poets,Paying,13. Theon Greyjoy,2.0,Dies,Dies,Lives,False,0.0
563,Tormund's Member Rewards Club,Paying,13. Theon Greyjoy,2.0,Dies,Dies,Lives,False,0.0
542,Xander's Dragons,Paying,13. Theon Greyjoy,2.0,Dies,Dies,Lives,False,0.0
546,"Ygritte in the Streets, Khaleesi in the Sheets",Paying,13. Theon Greyjoy,2.0,Dies,Dies,Lives,False,0.0
574,A Girl Has No Team Name,Paying,14. Bronn,1.0,Dies,Dies,Lives,False,0.0
591,A Team Has No Name,Paying,14. Bronn,1.0,Dies,Dies,Lives,False,0.0
576,A Wizard of Cersei,Paying,14. Bronn,1.0,Lives,Lives,Lives,True,1.0
600,Aaron on the Throne,Paying,14. Bronn,1.0,Dies,Dies,Lives,False,0.0
584,All Bronn and no brains,Paying,14. Bronn,1.0,Lives,Lives,Lives,True,1.0
605,Arya Dead Yet?,Paying,14. Bronn,1.0,Dies,Dies,Lives,False,0.0
594,"Arya Ready Kids? (Aye, Aye, Captain of the Guards!)",Paying,14. Bronn,1.0,Dies,Dies,Lives,False,0.0
601,"Breaker of Fasts, Mother of Brunches",Paying,14. Bronn,1.0,Lives,Lives,Lives,True,1.0
572,Bri-Anne,Paying,14. Bronn,1.0,Dies,Dies,Lives,False,0.0
595,Bri-Enne Of Green Gables,Paying,14. Bronn,1.0,Dies,Dies,Lives,False,0.0
608,Bronn Swanson,Paying,14. Bronn,1.0,Dies,Dies,Lives,False,0.0
614,Bronn: The Decision,Paying,14. Bronn,1.0,Lives,Lives,Lives,True,1.0
588,"Carolyn of House Tambini, the First of Her Name, Queen of Kings, Burner of Princesses  ",Paying,14. Bronn,1.0,Lives,Lives,Lives,True,1.0
583,Dany Snow,Paying,14. Bronn,1.0,Lives,Lives,Lives,True,1.0
593,Davis the Bastard of Voltron,Paying,14. Bronn,1.0,Dies,Dies,Lives,False,0.0
602,Enjol-Raki ,Paying,14. Bronn,1.0,Dies,Dies,Lives,False,0.0
577,Flea Bottom Feeders,Paying,14. Bronn,1.0,Lives,Lives,Lives,True,1.0
587,House Magnus,Free,14. Bronn,1.0,Lives,Lives,Lives,True,1.0
603,Just Here for CleganeBowl,Paying,14. Bronn,1.0,Lives,Lives,Lives,True,1.0
585,"Lacy of House Garrison, Breaker of Games, Protector of Spoilers, King of West Hollywood, Father of Brad",Paying,14. Bronn,1.0,Dies,Dies,Lives,False,0.0
582,Lady Elizabeth of House Wray,Free,14. Bronn,1.0,Dies,Dies,Lives,False,0.0
612,Lady Kristi of the House of Brooks,Paying,14. Bronn,1.0,Lives,Lives,Lives,True,1.0
604,Lady Stoneheart,Paying,14. Bronn,1.0,Dies,Dies,Lives,False,0.0
596,Lil' Jon Snow White,Paying,14. Bronn,1.0,Lives,Lives,Lives,True,1.0
580,Little Fingers’ Little Finger,Paying,14. Bronn,1.0,Lives,Lives,Lives,True,1.0
615,Lord Ben-ish,Paying,14. Bronn,1.0,Lives,Lives,Lives,True,1.0
609,Matton Of The Hounds,Paying,14. Bronn,1.0,Dies,Dies,Lives,False,0.0
613,Mountain Mellon Crushers,Paying,14. Bronn,1.0,Lives,Lives,Lives,True,1.0
573,No Ygrittes,Paying,14. Bronn,1.0,Lives,Lives,Lives,True,1.0
606,"S'now way, Jose!",Paying,14. Bronn,1.0,Dies,Dies,Lives,False,0.0
578,Safari Ary,Paying,14. Bronn,1.0,Lives,Lives,Lives,True,1.0
579,Sand Snake Realness,Paying,14. Bronn,1.0,Dies,Dies,Lives,False,0.0
610,Sept of Baylor was an Inside job,Paying,14. Bronn,1.0,Lives,Lives,Lives,True,1.0
597,"Ser Dunton, Knight of the Laughing Tree",Paying,14. Bronn,1.0,Lives,Lives,Lives,True,1.0
611,Ser Hand Rale of House Bannister,Paying,14. Bronn,1.0,Lives,Lives,Lives,True,1.0
581,Stark Raving Mad,Paying,14. Bronn,1.0,Dies,Dies,Lives,False,0.0
589,Stop Dragon My Horse Heart Around,Paying,14. Bronn,1.0,Lives,Lives,Lives,True,1.0
575,Sword Swallowers through and through,Paying,14. Bronn,1.0,Lives,Lives,Lives,True,1.0
592,That’s what I do: I drink and I know things.,Paying,14. Bronn,1.0,Dies,Dies,Lives,False,0.0
599,The Ed Sheeran Fan Club,Paying,14. Bronn,1.0,Dies,Dies,Lives,False,0.0
598,The House of Lesbian Poets,Paying,14. Bronn,1.0,Lives,Lives,Lives,True,1.0
607,Tormund's Member Rewards Club,Paying,14. Bronn,1.0,Lives,Lives,Lives,True,1.0
586,Xander's Dragons,Paying,14. Bronn,1.0,Lives,Lives,Lives,True,1.0
590,"Ygritte in the Streets, Khaleesi in the Sheets",Paying,14. Bronn,1.0,Dies,Dies,Lives,False,0.0
618,A Girl Has No Team Name,Paying,15. The Hound,1.0,Dies,Dies,Lives,False,0.0
635,A Team Has No Name,Paying,15. The Hound,1.0,Lives,Lives,Lives,True,1.0
620,A Wizard of Cersei,Paying,15. The Hound,1.0,Dies,Dies,Lives,False,0.0
644,Aaron on the Throne,Paying,15. The Hound,1.0,Dies,Dies,Lives,False,0.0
628,All Bronn and no brains,Paying,15. The Hound,1.0,Lives,Lives,Lives,True,1.0
649,Arya Dead Yet?,Paying,15. The Hound,1.0,Lives,Lives,Lives,True,1.0
638,"Arya Ready Kids? (Aye, Aye, Captain of the Guards!)",Paying,15. The Hound,1.0,Dies,Dies,Lives,False,0.0
645,"Breaker of Fasts, Mother of Brunches",Paying,15. The Hound,1.0,Dies,Dies,Lives,False,0.0
616,Bri-Anne,Paying,15. The Hound,1.0,Lives,Lives,Lives,True,1.0
639,Bri-Enne Of Green Gables,Paying,15. The Hound,1.0,Dies,Dies,Lives,False,0.0
652,Bronn Swanson,Paying,15. The Hound,1.0,Dies,Dies,Lives,False,0.0
658,Bronn: The Decision,Paying,15. The Hound,1.0,Dies,Dies,Lives,False,0.0
632,"Carolyn of House Tambini, the First of Her Name, Queen of Kings, Burner of Princesses  ",Paying,15. The Hound,1.0,Lives,Lives,Lives,True,1.0
627,Dany Snow,Paying,15. The Hound,1.0,Dies,Dies,Lives,False,0.0
637,Davis the Bastard of Voltron,Paying,15. The Hound,1.0,Lives,Lives,Lives,True,1.0
646,Enjol-Raki ,Paying,15. The Hound,1.0,Dies,Dies,Lives,False,0.0
621,Flea Bottom Feeders,Paying,15. The Hound,1.0,Dies,Dies,Lives,False,0.0
631,House Magnus,Free,15. The Hound,1.0,Lives,Lives,Lives,True,1.0
647,Just Here for CleganeBowl,Paying,15. The Hound,1.0,Dies,Dies,Lives,False,0.0
629,"Lacy of House Garrison, Breaker of Games, Protector of Spoilers, King of West Hollywood, Father of Brad",Paying,15. The Hound,1.0,Lives,Lives,Lives,True,1.0
626,Lady Elizabeth of House Wray,Free,15. The Hound,1.0,Dies,Dies,Lives,False,0.0
656,Lady Kristi of the House of Brooks,Paying,15. The Hound,1.0,Lives,Lives,Lives,True,1.0
648,Lady Stoneheart,Paying,15. The Hound,1.0,Dies,Dies,Lives,False,0.0
640,Lil' Jon Snow White,Paying,15. The Hound,1.0,Dies,Dies,Lives,False,0.0
624,Little Fingers’ Little Finger,Paying,15. The Hound,1.0,Dies,Dies,Lives,False,0.0
659,Lord Ben-ish,Paying,15. The Hound,1.0,Dies,Dies,Lives,False,0.0
653,Matton Of The Hounds,Paying,15. The Hound,1.0,Dies,Dies,Lives,False,0.0
657,Mountain Mellon Crushers,Paying,15. The Hound,1.0,Dies,Dies,Lives,False,0.0
617,No Ygrittes,Paying,15. The Hound,1.0,Dies,Dies,Lives,False,0.0
650,"S'now way, Jose!",Paying,15. The Hound,1.0,Dies,Dies,Lives,False,0.0
622,Safari Ary,Paying,15. The Hound,1.0,Dies,Dies,Lives,False,0.0
623,Sand Snake Realness,Paying,15. The Hound,1.0,Dies,Dies,Lives,False,0.0
654,Sept of Baylor was an Inside job,Paying,15. The Hound,1.0,Lives,Lives,Lives,True,1.0
641,"Ser Dunton, Knight of the Laughing Tree",Paying,15. The Hound,1.0,Dies,Dies,Lives,False,0.0
655,Ser Hand Rale of House Bannister,Paying,15. The Hound,1.0,Dies,Dies,Lives,False,0.0
625,Stark Raving Mad,Paying,15. The Hound,1.0,Dies,Dies,Lives,False,0.0
633,Stop Dragon My Horse Heart Around,Paying,15. The Hound,1.0,Dies,Dies,Lives,False,0.0
619,Sword Swallowers through and through,Paying,15. The Hound,1.0,Dies,Dies,Lives,False,0.0
636,That’s what I do: I drink and I know things.,Paying,15. The Hound,1.0,Dies,Dies,Lives,False,0.0
643,The Ed Sheeran Fan Club,Paying,15. The Hound,1.0,Lives,Lives,Lives,True,1.0
642,The House of Lesbian Poets,Paying,15. The Hound,1.0,Dies,Dies,Lives,False,0.0
651,Tormund's Member Rewards Club,Paying,15. The Hound,1.0,Dies,Dies,Lives,False,0.0
630,Xander's Dragons,Paying,15. The Hound,1.0,Dies,Dies,Lives,False,0.0
634,"Ygritte in the Streets, Khaleesi in the Sheets",Paying,15. The Hound,1.0,Dies,Dies,Lives,False,0.0
662,A Girl Has No Team Name,Paying,16. Gendry,1.0,Lives,Lives,Lives,True,1.0
679,A Team Has No Name,Paying,16. Gendry,1.0,Lives,Lives,Lives,True,1.0
664,A Wizard of Cersei,Paying,16. Gendry,1.0,Lives,Lives,Lives,True,1.0
688,Aaron on the Throne,Paying,16. Gendry,1.0,Dies,Dies,Lives,False,0.0
672,All Bronn and no brains,Paying,16. Gendry,1.0,Lives,Lives,Lives,True,1.0
693,Arya Dead Yet?,Paying,16. Gendry,1.0,Lives,Lives,Lives,True,1.0
682,"Arya Ready Kids? (Aye, Aye, Captain of the Guards!)",Paying,16. Gendry,1.0,Dies,Dies,Lives,False,0.0
689,"Breaker of Fasts, Mother of Brunches",Paying,16. Gendry,1.0,Lives,Lives,Lives,True,1.0
660,Bri-Anne,Paying,16. Gendry,1.0,Dies,Dies,Lives,False,0.0
683,Bri-Enne Of Green Gables,Paying,16. Gendry,1.0,Dies,Dies,Lives,False,0.0
696,Bronn Swanson,Paying,16. Gendry,1.0,Lives,Lives,Lives,True,1.0
702,Bronn: The Decision,Paying,16. Gendry,1.0,Lives,Lives,Lives,True,1.0
676,"Carolyn of House Tambini, the First of Her Name, Queen of Kings, Burner of Princesses  ",Paying,16. Gendry,1.0,Lives,Lives,Lives,True,1.0
671,Dany Snow,Paying,16. Gendry,1.0,Dies,Dies,Lives,False,0.0
681,Davis the Bastard of Voltron,Paying,16. Gendry,1.0,Lives,Lives,Lives,True,1.0
690,Enjol-Raki ,Paying,16. Gendry,1.0,Dies,Dies,Lives,False,0.0
665,Flea Bottom Feeders,Paying,16. Gendry,1.0,Lives,Lives,Lives,True,1.0
675,House Magnus,Free,16. Gendry,1.0,Lives,Lives,Lives,True,1.0
691,Just Here for CleganeBowl,Paying,16. Gendry,1.0,Lives,Lives,Lives,True,1.0
673,"Lacy of House Garrison, Breaker of Games, Protector of Spoilers, King of West Hollywood, Father of Brad",Paying,16. Gendry,1.0,Lives,Lives,Lives,True,1.0
670,Lady Elizabeth of House Wray,Free,16. Gendry,1.0,Dies,Dies,Lives,False,0.0
700,Lady Kristi of the House of Brooks,Paying,16. Gendry,1.0,Dies,Dies,Lives,False,0.0
692,Lady Stoneheart,Paying,16. Gendry,1.0,Lives,Lives,Lives,True,1.0
684,Lil' Jon Snow White,Paying,16. Gendry,1.0,Dies,Dies,Lives,False,0.0
668,Little Fingers’ Little Finger,Paying,16. Gendry,1.0,Lives,Lives,Lives,True,1.0
703,Lord Ben-ish,Paying,16. Gendry,1.0,Lives,Lives,Lives,True,1.0
697,Matton Of The Hounds,Paying,16. Gendry,1.0,Lives,Lives,Lives,True,1.0
701,Mountain Mellon Crushers,Paying,16. Gendry,1.0,Lives,Lives,Lives,True,1.0
661,No Ygrittes,Paying,16. Gendry,1.0,Lives,Lives,Lives,True,1.0
694,"S'now way, Jose!",Paying,16. Gendry,1.0,Lives,Lives,Lives,True,1.0
666,Safari Ary,Paying,16. Gendry,1.0,Lives,Lives,Lives,True,1.0
667,Sand Snake Realness,Paying,16. Gendry,1.0,Lives,Lives,Lives,True,1.0
698,Sept of Baylor was an Inside job,Paying,16. Gendry,1.0,Dies,Dies,Lives,False,0.0
685,"Ser Dunton, Knight of the Laughing Tree",Paying,16. Gendry,1.0,Lives,Lives,Lives,True,1.0
699,Ser Hand Rale of House Bannister,Paying,16. Gendry,1.0,Lives,Lives,Lives,True,1.0
669,Stark Raving Mad,Paying,16. Gendry,1.0,Dies,Dies,Lives,False,0.0
677,Stop Dragon My Horse Heart Around,Paying,16. Gendry,1.0,Lives,Lives,Lives,True,1.0
663,Sword Swallowers through and through,Paying,16. Gendry,1.0,Lives,Lives,Lives,True,1.0
680,That’s what I do: I drink and I know things.,Paying,16. Gendry,1.0,Lives,Lives,Lives,True,1.0
687,The Ed Sheeran Fan Club,Paying,16. Gendry,1.0,Dies,Dies,Lives,False,0.0
686,The House of Lesbian Poets,Paying,16. Gendry,1.0,Dies,Dies,Lives,False,0.0
695,Tormund's Member Rewards Club,Paying,16. Gendry,1.0,Lives,Lives,Lives,True,1.0
674,Xander's Dragons,Paying,16. Gendry,1.0,Dies,Dies,Lives,False,0.0
678,"Ygritte in the Streets, Khaleesi in the Sheets",Paying,16. Gendry,1.0,Dies,Dies,Lives,False,0.0
706,A Girl Has No Team Name,Paying,17. Grey Worm,1.0,Lives,Lives,Lives,True,1.0
723,A Team Has No Name,Paying,17. Grey Worm,1.0,Dies,Dies,Lives,False,0.0
708,A Wizard of Cersei,Paying,17. Grey Worm,1.0,Dies,Dies,Lives,False,0.0
732,Aaron on the Throne,Paying,17. Grey Worm,1.0,Dies,Dies,Lives,False,0.0
716,All Bronn and no brains,Paying,17. Grey Worm,1.0,Lives,Lives,Lives,True,1.0
737,Arya Dead Yet?,Paying,17. Grey Worm,1.0,Dies,Dies,Lives,False,0.0
726,"Arya Ready Kids? (Aye, Aye, Captain of the Guards!)",Paying,17. Grey Worm,1.0,Dies,Dies,Lives,False,0.0
733,"Breaker of Fasts, Mother of Brunches",Paying,17. Grey Worm,1.0,Dies,Dies,Lives,False,0.0
704,Bri-Anne,Paying,17. Grey Worm,1.0,Dies,Dies,Lives,False,0.0
727,Bri-Enne Of Green Gables,Paying,17. Grey Worm,1.0,Lives,Lives,Lives,True,1.0
740,Bronn Swanson,Paying,17. Grey Worm,1.0,Dies,Dies,Lives,False,0.0
746,Bronn: The Decision,Paying,17. Grey Worm,1.0,Lives,Lives,Lives,True,1.0
720,"Carolyn of House Tambini, the First of Her Name, Queen of Kings, Burner of Princesses  ",Paying,17. Grey Worm,1.0,Lives,Lives,Lives,True,1.0
715,Dany Snow,Paying,17. Grey Worm,1.0,Dies,Dies,Lives,False,0.0
725,Davis the Bastard of Voltron,Paying,17. Grey Worm,1.0,Dies,Dies,Lives,False,0.0
734,Enjol-Raki ,Paying,17. Grey Worm,1.0,Dies,Dies,Lives,False,0.0
709,Flea Bottom Feeders,Paying,17. Grey Worm,1.0,Dies,Dies,Lives,False,0.0
719,House Magnus,Free,17. Grey Worm,1.0,Dies,Dies,Lives,False,0.0
735,Just Here for CleganeBowl,Paying,17. Grey Worm,1.0,Dies,Dies,Lives,False,0.0
717,"Lacy of House Garrison, Breaker of Games, Protector of Spoilers, King of West Hollywood, Father of Brad",Paying,17. Grey Worm,1.0,Lives,Lives,Lives,True,1.0
714,Lady Elizabeth of House Wray,Free,17. Grey Worm,1.0,Dies,Dies,Lives,False,0.0
744,Lady Kristi of the House of Brooks,Paying,17. Grey Worm,1.0,Lives,Lives,Lives,True,1.0
736,Lady Stoneheart,Paying,17. Grey Worm,1.0,Dies,Dies,Lives,False,0.0
728,Lil' Jon Snow White,Paying,17. Grey Worm,1.0,Lives,Lives,Lives,True,1.0
712,Little Fingers’ Little Finger,Paying,17. Grey Worm,1.0,Dies,Dies,Lives,False,0.0
747,Lord Ben-ish,Paying,17. Grey Worm,1.0,Dies,Dies,Lives,False,0.0
741,Matton Of The Hounds,Paying,17. Grey Worm,1.0,Dies,Dies,Lives,False,0.0
745,Mountain Mellon Crushers,Paying,17. Grey Worm,1.0,Dies,Dies,Lives,False,0.0
705,No Ygrittes,Paying,17. Grey Worm,1.0,Dies,Dies,Lives,False,0.0
738,"S'now way, Jose!",Paying,17. Grey Worm,1.0,Dies,Dies,Lives,False,0.0
710,Safari Ary,Paying,17. Grey Worm,1.0,Lives,Lives,Lives,True,1.0
711,Sand Snake Realness,Paying,17. Grey Worm,1.0,Dies,Dies,Lives,False,0.0
742,Sept of Baylor was an Inside job,Paying,17. Grey Worm,1.0,Dies,Dies,Lives,False,0.0
729,"Ser Dunton, Knight of the Laughing Tree",Paying,17. Grey Worm,1.0,Dies,Dies,Lives,False,0.0
743,Ser Hand Rale of House Bannister,Paying,17. Grey Worm,1.0,Lives,Lives,Lives,True,1.0
713,Stark Raving Mad,Paying,17. Grey Worm,1.0,Dies,Dies,Lives,False,0.0
721,Stop Dragon My Horse Heart Around,Paying,17. Grey Worm,1.0,Dies,Dies,Lives,False,0.0
707,Sword Swallowers through and through,Paying,17. Grey Worm,1.0,Lives,Lives,Lives,True,1.0
724,That’s what I do: I drink and I know things.,Paying,17. Grey Worm,1.0,Dies,Dies,Lives,False,0.0
731,The Ed Sheeran Fan Club,Paying,17. Grey Worm,1.0,Lives,Lives,Lives,True,1.0
730,The House of Lesbian Poets,Paying,17. Grey Worm,1.0,Lives,Lives,Lives,True,1.0
739,Tormund's Member Rewards Club,Paying,17. Grey Worm,1.0,Dies,Dies,Lives,False,0.0
718,Xander's Dragons,Paying,17. Grey Worm,1.0,Dies,Dies,Lives,False,0.0
722,"Ygritte in the Streets, Khaleesi in the Sheets",Paying,17. Grey Worm,1.0,Dies,Dies,Lives,False,0.0
750,A Girl Has No Team Name,Paying,18. Melisandre,1.0,Dies,Dies,Lives,False,0.0
767,A Team Has No Name,Paying,18. Melisandre,1.0,Dies,Dies,Lives,False,0.0
752,A Wizard of Cersei,Paying,18. Melisandre,1.0,Dies,Dies,Lives,False,0.0
776,Aaron on the Throne,Paying,18. Melisandre,1.0,Lives,Lives,Lives,True,1.0
760,All Bronn and no brains,Paying,18. Melisandre,1.0,Lives,Lives,Lives,True,1.0
781,Arya Dead Yet?,Paying,18. Melisandre,1.0,Dies,Dies,Lives,False,0.0
770,"Arya Ready Kids? (Aye, Aye, Captain of the Guards!)",Paying,18. Melisandre,1.0,Dies,Dies,Lives,False,0.0
777,"Breaker of Fasts, Mother of Brunches",Paying,18. Melisandre,1.0,Dies,Dies,Lives,False,0.0
748,Bri-Anne,Paying,18. Melisandre,1.0,Dies,Dies,Lives,False,0.0
771,Bri-Enne Of Green Gables,Paying,18. Melisandre,1.0,Dies,Dies,Lives,False,0.0
784,Bronn Swanson,Paying,18. Melisandre,1.0,Dies,Dies,Lives,False,0.0
790,Bronn: The Decision,Paying,18. Melisandre,1.0,Dies,Dies,Lives,False,0.0
764,"Carolyn of House Tambini, the First of Her Name, Queen of Kings, Burner of Princesses  ",Paying,18. Melisandre,1.0,Dies,Dies,Lives,False,0.0
759,Dany Snow,Paying,18. Melisandre,1.0,Dies,Dies,Lives,False,0.0
769,Davis the Bastard of Voltron,Paying,18. Melisandre,1.0,Dies,Dies,Lives,False,0.0
778,Enjol-Raki ,Paying,18. Melisandre,1.0,Dies,Dies,Lives,False,0.0
753,Flea Bottom Feeders,Paying,18. Melisandre,1.0,Lives,Lives,Lives,True,1.0
763,House Magnus,Free,18. Melisandre,1.0,Dies,Dies,Lives,False,0.0
779,Just Here for CleganeBowl,Paying,18. Melisandre,1.0,Dies,Dies,Lives,False,0.0
761,"Lacy of House Garrison, Breaker of Games, Protector of Spoilers, King of West Hollywood, Father of Brad",Paying,18. Melisandre,1.0,Dies,Dies,Lives,False,0.0
758,Lady Elizabeth of House Wray,Free,18. Melisandre,1.0,Lives,Lives,Lives,True,1.0
788,Lady Kristi of the House of Brooks,Paying,18. Melisandre,1.0,Lives,Lives,Lives,True,1.0
780,Lady Stoneheart,Paying,18. Melisandre,1.0,Lives,Lives,Lives,True,1.0
772,Lil' Jon Snow White,Paying,18. Melisandre,1.0,Dies,Dies,Lives,False,0.0
756,Little Fingers’ Little Finger,Paying,18. Melisandre,1.0,Dies,Dies,Lives,False,0.0
791,Lord Ben-ish,Paying,18. Melisandre,1.0,Dies,Dies,Lives,False,0.0
785,Matton Of The Hounds,Paying,18. Melisandre,1.0,Dies,Dies,Lives,False,0.0
789,Mountain Mellon Crushers,Paying,18. Melisandre,1.0,Dies,Dies,Lives,False,0.0
749,No Ygrittes,Paying,18. Melisandre,1.0,Dies,Dies,Lives,False,0.0
782,"S'now way, Jose!",Paying,18. Melisandre,1.0,Dies,Dies,Lives,False,0.0
754,Safari Ary,Paying,18. Melisandre,1.0,Dies,Dies,Lives,False,0.0
755,Sand Snake Realness,Paying,18. Melisandre,1.0,Dies,Dies,Lives,False,0.0
786,Sept of Baylor was an Inside job,Paying,18. Melisandre,1.0,Lives,Lives,Lives,True,1.0
773,"Ser Dunton, Knight of the Laughing Tree",Paying,18. Melisandre,1.0,Dies,Dies,Lives,False,0.0
787,Ser Hand Rale of House Bannister,Paying,18. Melisandre,1.0,Dies,Dies,Lives,False,0.0
757,Stark Raving Mad,Paying,18. Melisandre,1.0,Dies,Dies,Lives,False,0.0
765,Stop Dragon My Horse Heart Around,Paying,18. Melisandre,1.0,Dies,Dies,Lives,False,0.0
751,Sword Swallowers through and through,Paying,18. Melisandre,1.0,Dies,Dies,Lives,False,0.0
768,That’s what I do: I drink and I know things.,Paying,18. Melisandre,1.0,Lives,Lives,Lives,True,1.0
775,The Ed Sheeran Fan Club,Paying,18. Melisandre,1.0,Lives,Lives,Lives,True,1.0
774,The House of Lesbian Poets,Paying,18. Melisandre,1.0,Dies,Dies,Lives,False,0.0
783,Tormund's Member Rewards Club,Paying,18. Melisandre,1.0,Dies,Dies,Lives,False,0.0
762,Xander's Dragons,Paying,18. Melisandre,1.0,Lives,Lives,Lives,True,1.0
766,"Ygritte in the Streets, Khaleesi in the Sheets",Paying,18. Melisandre,1.0,Dies,Dies,Lives,False,0.0
794,A Girl Has No Team Name,Paying,19. Missandei,1.0,Lives,Lives,Lives,True,1.0
811,A Team Has No Name,Paying,19. Missandei,1.0,Lives,Lives,Lives,True,1.0
796,A Wizard of Cersei,Paying,19. Missandei,1.0,Lives,Lives,Lives,True,1.0
820,Aaron on the Throne,Paying,19. Missandei,1.0,Dies,Dies,Lives,False,0.0
804,All Bronn and no brains,Paying,19. Missandei,1.0,Lives,Lives,Lives,True,1.0
825,Arya Dead Yet?,Paying,19. Missandei,1.0,Lives,Lives,Lives,True,1.0
814,"Arya Ready Kids? (Aye, Aye, Captain of the Guards!)",Paying,19. Missandei,1.0,Lives,Lives,Lives,True,1.0
821,"Breaker of Fasts, Mother of Brunches",Paying,19. Missandei,1.0,Dies,Dies,Lives,False,0.0
792,Bri-Anne,Paying,19. Missandei,1.0,Lives,Lives,Lives,True,1.0
815,Bri-Enne Of Green Gables,Paying,19. Missandei,1.0,Dies,Dies,Lives,False,0.0
828,Bronn Swanson,Paying,19. Missandei,1.0,Lives,Lives,Lives,True,1.0
834,Bronn: The Decision,Paying,19. Missandei,1.0,Lives,Lives,Lives,True,1.0
808,"Carolyn of House Tambini, the First of Her Name, Queen of Kings, Burner of Princesses  ",Paying,19. Missandei,1.0,Lives,Lives,Lives,True,1.0
803,Dany Snow,Paying,19. Missandei,1.0,Lives,Lives,Lives,True,1.0
813,Davis the Bastard of Voltron,Paying,19. Missandei,1.0,Lives,Lives,Lives,True,1.0
822,Enjol-Raki ,Paying,19. Missandei,1.0,Dies,Dies,Lives,False,0.0
797,Flea Bottom Feeders,Paying,19. Missandei,1.0,Lives,Lives,Lives,True,1.0
807,House Magnus,Free,19. Missandei,1.0,Lives,Lives,Lives,True,1.0
823,Just Here for CleganeBowl,Paying,19. Missandei,1.0,Lives,Lives,Lives,True,1.0
805,"Lacy of House Garrison, Breaker of Games, Protector of Spoilers, King of West Hollywood, Father of Brad",Paying,19. Missandei,1.0,Lives,Lives,Lives,True,1.0
802,Lady Elizabeth of House Wray,Free,19. Missandei,1.0,Lives,Lives,Lives,True,1.0
832,Lady Kristi of the House of Brooks,Paying,19. Missandei,1.0,Lives,Lives,Lives,True,1.0
824,Lady Stoneheart,Paying,19. Missandei,1.0,Lives,Lives,Lives,True,1.0
816,Lil' Jon Snow White,Paying,19. Missandei,1.0,Lives,Lives,Lives,True,1.0
800,Little Fingers’ Little Finger,Paying,19. Missandei,1.0,Lives,Lives,Lives,True,1.0
835,Lord Ben-ish,Paying,19. Missandei,1.0,Dies,Dies,Lives,False,0.0
829,Matton Of The Hounds,Paying,19. Missandei,1.0,Dies,Dies,Lives,False,0.0
833,Mountain Mellon Crushers,Paying,19. Missandei,1.0,Lives,Lives,Lives,True,1.0
793,No Ygrittes,Paying,19. Missandei,1.0,Lives,Lives,Lives,True,1.0
826,"S'now way, Jose!",Paying,19. Missandei,1.0,Lives,Lives,Lives,True,1.0
798,Safari Ary,Paying,19. Missandei,1.0,Lives,Lives,Lives,True,1.0
799,Sand Snake Realness,Paying,19. Missandei,1.0,Lives,Lives,Lives,True,1.0
830,Sept of Baylor was an Inside job,Paying,19. Missandei,1.0,Dies,Dies,Lives,False,0.0
817,"Ser Dunton, Knight of the Laughing Tree",Paying,19. Missandei,1.0,Lives,Lives,Lives,True,1.0
831,Ser Hand Rale of House Bannister,Paying,19. Missandei,1.0,Lives,Lives,Lives,True,1.0
801,Stark Raving Mad,Paying,19. Missandei,1.0,Dies,Dies,Lives,False,0.0
809,Stop Dragon My Horse Heart Around,Paying,19. Missandei,1.0,Lives,Lives,Lives,True,1.0
795,Sword Swallowers through and through,Paying,19. Missandei,1.0,Lives,Lives,Lives,True,1.0
812,That’s what I do: I drink and I know things.,Paying,19. Missandei,1.0,Dies,Dies,Lives,False,0.0
819,The Ed Sheeran Fan Club,Paying,19. Missandei,1.0,Lives,Lives,Lives,True,1.0
818,The House of Lesbian Poets,Paying,19. Missandei,1.0,Lives,Lives,Lives,True,1.0
827,Tormund's Member Rewards Club,Paying,19. Missandei,1.0,Lives,Lives,Lives,True,1.0
806,Xander's Dragons,Paying,19. Missandei,1.0,Lives,Lives,Lives,True,1.0
810,"Ygritte in the Streets, Khaleesi in the Sheets",Paying,19. Missandei,1.0,Lives,Lives,Lives,True,1.0
838,A Girl Has No Team Name,Paying,20. Pod,1.0,Lives,Lives,Lives,True,1.0
855,A Team Has No Name,Paying,20. Pod,1.0,Lives,Lives,Lives,True,1.0
840,A Wizard of Cersei,Paying,20. Pod,1.0,Lives,Lives,Lives,True,1.0
864,Aaron on the Throne,Paying,20. Pod,1.0,Dies,Dies,Lives,False,0.0
848,All Bronn and no brains,Paying,20. Pod,1.0,Lives,Lives,Lives,True,1.0
869,Arya Dead Yet?,Paying,20. Pod,1.0,Dies,Dies,Lives,False,0.0
858,"Arya Ready Kids? (Aye, Aye, Captain of the Guards!)",Paying,20. Pod,1.0,Dies,Dies,Lives,False,0.0
865,"Breaker of Fasts, Mother of Brunches",Paying,20. Pod,1.0,Dies,Dies,Lives,False,0.0
836,Bri-Anne,Paying,20. Pod,1.0,Lives,Lives,Lives,True,1.0
859,Bri-Enne Of Green Gables,Paying,20. Pod,1.0,Dies,Dies,Lives,False,0.0
872,Bronn Swanson,Paying,20. Pod,1.0,Lives,Lives,Lives,True,1.0
878,Bronn: The Decision,Paying,20. Pod,1.0,Dies,Dies,Lives,False,0.0
852,"Carolyn of House Tambini, the First of Her Name, Queen of Kings, Burner of Princesses  ",Paying,20. Pod,1.0,Lives,Lives,Lives,True,1.0
847,Dany Snow,Paying,20. Pod,1.0,Lives,Lives,Lives,True,1.0
857,Davis the Bastard of Voltron,Paying,20. Pod,1.0,Lives,Lives,Lives,True,1.0
866,Enjol-Raki ,Paying,20. Pod,1.0,Dies,Dies,Lives,False,0.0
841,Flea Bottom Feeders,Paying,20. Pod,1.0,Lives,Lives,Lives,True,1.0
851,House Magnus,Free,20. Pod,1.0,Lives,Lives,Lives,True,1.0
867,Just Here for CleganeBowl,Paying,20. Pod,1.0,Lives,Lives,Lives,True,1.0
849,"Lacy of House Garrison, Breaker of Games, Protector of Spoilers, King of West Hollywood, Father of Brad",Paying,20. Pod,1.0,Lives,Lives,Lives,True,1.0
846,Lady Elizabeth of House Wray,Free,20. Pod,1.0,Dies,Dies,Lives,False,0.0
876,Lady Kristi of the House of Brooks,Paying,20. Pod,1.0,Dies,Dies,Lives,False,0.0
868,Lady Stoneheart,Paying,20. Pod,1.0,Lives,Lives,Lives,True,1.0
860,Lil' Jon Snow White,Paying,20. Pod,1.0,Dies,Dies,Lives,False,0.0
844,Little Fingers’ Little Finger,Paying,20. Pod,1.0,Lives,Lives,Lives,True,1.0
879,Lord Ben-ish,Paying,20. Pod,1.0,Lives,Lives,Lives,True,1.0
873,Matton Of The Hounds,Paying,20. Pod,1.0,Dies,Dies,Lives,False,0.0
877,Mountain Mellon Crushers,Paying,20. Pod,1.0,Lives,Lives,Lives,True,1.0
837,No Ygrittes,Paying,20. Pod,1.0,Lives,Lives,Lives,True,1.0
870,"S'now way, Jose!",Paying,20. Pod,1.0,Lives,Lives,Lives,True,1.0
842,Safari Ary,Paying,20. Pod,1.0,Lives,Lives,Lives,True,1.0
843,Sand Snake Realness,Paying,20. Pod,1.0,Dies,Dies,Lives,False,0.0
874,Sept of Baylor was an Inside job,Paying,20. Pod,1.0,Lives,Lives,Lives,True,1.0
861,"Ser Dunton, Knight of the Laughing Tree",Paying,20. Pod,1.0,Lives,Lives,Lives,True,1.0
875,Ser Hand Rale of House Bannister,Paying,20. Pod,1.0,Lives,Lives,Lives,True,1.0
845,Stark Raving Mad,Paying,20. Pod,1.0,Dies,Dies,Lives,False,0.0
853,Stop Dragon My Horse Heart Around,Paying,20. Pod,1.0,Lives,Lives,Lives,True,1.0
839,Sword Swallowers through and through,Paying,20. Pod,1.0,Lives,Lives,Lives,True,1.0
856,That’s what I do: I drink and I know things.,Paying,20. Pod,1.0,Lives,Lives,Lives,True,1.0
863,The Ed Sheeran Fan Club,Paying,20. Pod,1.0,Lives,Lives,Lives,True,1.0
862,The House of Lesbian Poets,Paying,20. Pod,1.0,Lives,Lives,Lives,True,1.0
871,Tormund's Member Rewards Club,Paying,20. Pod,1.0,Lives,Lives,Lives,True,1.0
850,Xander's Dragons,Paying,20. Pod,1.0,Lives,Lives,Lives,True,1.0
854,"Ygritte in the Streets, Khaleesi in the Sheets",Paying,20. Pod,1.0,Dies,Dies,Lives,False,0.0
882,A Girl Has No Team Name,Paying,21. Tormund,1.0,Dies,Dies,Lives,False,0.0
899,A Team Has No Name,Paying,21. Tormund,1.0,Dies,Dies,Lives,False,0.0
884,A Wizard of Cersei,Paying,21. Tormund,1.0,Dies,Dies,Lives,False,0.0
908,Aaron on the Throne,Paying,21. Tormund,1.0,Dies,Dies,Lives,False,0.0
892,All Bronn and no brains,Paying,21. Tormund,1.0,Dies,Dies,Lives,False,0.0
913,Arya Dead Yet?,Paying,21. Tormund,1.0,Dies,Dies,Lives,False,0.0
902,"Arya Ready Kids? (Aye, Aye, Captain of the Guards!)",Paying,21. Tormund,1.0,Dies,Dies,Lives,False,0.0
909,"Breaker of Fasts, Mother of Brunches",Paying,21. Tormund,1.0,Lives,Lives,Lives,True,1.0
880,Bri-Anne,Paying,21. Tormund,1.0,Dies,Dies,Lives,False,0.0
903,Bri-Enne Of Green Gables,Paying,21. Tormund,1.0,Lives,Lives,Lives,True,1.0
916,Bronn Swanson,Paying,21. Tormund,1.0,Dies,Dies,Lives,False,0.0
922,Bronn: The Decision,Paying,21. Tormund,1.0,Lives,Lives,Lives,True,1.0
896,"Carolyn of House Tambini, the First of Her Name, Queen of Kings, Burner of Princesses  ",Paying,21. Tormund,1.0,Lives,Lives,Lives,True,1.0
891,Dany Snow,Paying,21. Tormund,1.0,Dies,Dies,Lives,False,0.0
901,Davis the Bastard of Voltron,Paying,21. Tormund,1.0,Dies,Dies,Lives,False,0.0
910,Enjol-Raki ,Paying,21. Tormund,1.0,Dies,Dies,Lives,False,0.0
885,Flea Bottom Feeders,Paying,21. Tormund,1.0,Dies,Dies,Lives,False,0.0
895,House Magnus,Free,21. Tormund,1.0,Lives,Lives,Lives,True,1.0
911,Just Here for CleganeBowl,Paying,21. Tormund,1.0,Dies,Dies,Lives,False,0.0
893,"Lacy of House Garrison, Breaker of Games, Protector of Spoilers, King of West Hollywood, Father of Brad",Paying,21. Tormund,1.0,Lives,Lives,Lives,True,1.0
890,Lady Elizabeth of House Wray,Free,21. Tormund,1.0,Dies,Dies,Lives,False,0.0
920,Lady Kristi of the House of Brooks,Paying,21. Tormund,1.0,Lives,Lives,Lives,True,1.0
912,Lady Stoneheart,Paying,21. Tormund,1.0,Lives,Lives,Lives,True,1.0
904,Lil' Jon Snow White,Paying,21. Tormund,1.0,Dies,Dies,Lives,False,0.0
888,Little Fingers’ Little Finger,Paying,21. Tormund,1.0,Lives,Lives,Lives,True,1.0
923,Lord Ben-ish,Paying,21. Tormund,1.0,Dies,Dies,Lives,False,0.0
917,Matton Of The Hounds,Paying,21. Tormund,1.0,Dies,Dies,Lives,False,0.0
921,Mountain Mellon Crushers,Paying,21. Tormund,1.0,Dies,Dies,Lives,False,0.0
881,No Ygrittes,Paying,21. Tormund,1.0,Dies,Dies,Lives,False,0.0
914,"S'now way, Jose!",Paying,21. Tormund,1.0,Dies,Dies,Lives,False,0.0
886,Safari Ary,Paying,21. Tormund,1.0,Lives,Lives,Lives,True,1.0
887,Sand Snake Realness,Paying,21. Tormund,1.0,Dies,Dies,Lives,False,0.0
918,Sept of Baylor was an Inside job,Paying,21. Tormund,1.0,Dies,Dies,Lives,False,0.0
905,"Ser Dunton, Knight of the Laughing Tree",Paying,21. Tormund,1.0,Lives,Lives,Lives,True,1.0
919,Ser Hand Rale of House Bannister,Paying,21. Tormund,1.0,Lives,Lives,Lives,True,1.0
889,Stark Raving Mad,Paying,21. Tormund,1.0,Dies,Dies,Lives,False,0.0
897,Stop Dragon My Horse Heart Around,Paying,21. Tormund,1.0,Lives,Lives,Lives,True,1.0
883,Sword Swallowers through and through,Paying,21. Tormund,1.0,Dies,Dies,Lives,False,0.0
900,That’s what I do: I drink and I know things.,Paying,21. Tormund,1.0,Dies,Dies,Lives,False,0.0
907,The Ed Sheeran Fan Club,Paying,21. Tormund,1.0,Lives,Lives,Lives,True,1.0
906,The House of Lesbian Poets,Paying,21. Tormund,1.0,Dies,Dies,Lives,False,0.0
915,Tormund's Member Rewards Club,Paying,21. Tormund,1.0,Dies,Dies,Lives,False,0.0
894,Xander's Dragons,Paying,21. Tormund,1.0,Dies,Dies,Lives,False,0.0
898,"Ygritte in the Streets, Khaleesi in the Sheets",Paying,21. Tormund,1.0,Dies,Dies,Lives,False,0.0
926,A Girl Has No Team Name,Paying,22. Varys,1.0,Lives,Lives,Lives,True,1.0
943,A Team Has No Name,Paying,22. Varys,1.0,Dies,Dies,Lives,False,0.0
928,A Wizard of Cersei,Paying,22. Varys,1.0,Lives,Lives,Lives,True,1.0
952,Aaron on the Throne,Paying,22. Varys,1.0,Lives,Lives,Lives,True,1.0
936,All Bronn and no brains,Paying,22. Varys,1.0,Lives,Lives,Lives,True,1.0
957,Arya Dead Yet?,Paying,22. Varys,1.0,Dies,Dies,Lives,False,0.0
946,"Arya Ready Kids? (Aye, Aye, Captain of the Guards!)",Paying,22. Varys,1.0,Lives,Lives,Lives,True,1.0
953,"Breaker of Fasts, Mother of Brunches",Paying,22. Varys,1.0,Dies,Dies,Lives,False,0.0
924,Bri-Anne,Paying,22. Varys,1.0,Lives,Lives,Lives,True,1.0
947,Bri-Enne Of Green Gables,Paying,22. Varys,1.0,Dies,Dies,Lives,False,0.0
960,Bronn Swanson,Paying,22. Varys,1.0,Lives,Lives,Lives,True,1.0
966,Bronn: The Decision,Paying,22. Varys,1.0,Lives,Lives,Lives,True,1.0
940,"Carolyn of House Tambini, the First of Her Name, Queen of Kings, Burner of Princesses  ",Paying,22. Varys,1.0,Lives,Lives,Lives,True,1.0
935,Dany Snow,Paying,22. Varys,1.0,Lives,Lives,Lives,True,1.0
945,Davis the Bastard of Voltron,Paying,22. Varys,1.0,Dies,Dies,Lives,False,0.0
954,Enjol-Raki ,Paying,22. Varys,1.0,Dies,Dies,Lives,False,0.0
929,Flea Bottom Feeders,Paying,22. Varys,1.0,Lives,Lives,Lives,True,1.0
939,House Magnus,Free,22. Varys,1.0,Lives,Lives,Lives,True,1.0
955,Just Here for CleganeBowl,Paying,22. Varys,1.0,Lives,Lives,Lives,True,1.0
937,"Lacy of House Garrison, Breaker of Games, Protector of Spoilers, King of West Hollywood, Father of Brad",Paying,22. Varys,1.0,Lives,Lives,Lives,True,1.0
934,Lady Elizabeth of House Wray,Free,22. Varys,1.0,Dies,Dies,Lives,False,0.0
964,Lady Kristi of the House of Brooks,Paying,22. Varys,1.0,Lives,Lives,Lives,True,1.0
956,Lady Stoneheart,Paying,22. Varys,1.0,Dies,Dies,Lives,False,0.0
948,Lil' Jon Snow White,Paying,22. Varys,1.0,Dies,Dies,Lives,False,0.0
932,Little Fingers’ Little Finger,Paying,22. Varys,1.0,Lives,Lives,Lives,True,1.0
967,Lord Ben-ish,Paying,22. Varys,1.0,Lives,Lives,Lives,True,1.0
961,Matton Of The Hounds,Paying,22. Varys,1.0,Lives,Lives,Lives,True,1.0
965,Mountain Mellon Crushers,Paying,22. Varys,1.0,Lives,Lives,Lives,True,1.0
925,No Ygrittes,Paying,22. Varys,1.0,Lives,Lives,Lives,True,1.0
958,"S'now way, Jose!",Paying,22. Varys,1.0,Lives,Lives,Lives,True,1.0
930,Safari Ary,Paying,22. Varys,1.0,Dies,Dies,Lives,False,0.0
931,Sand Snake Realness,Paying,22. Varys,1.0,Lives,Lives,Lives,True,1.0
962,Sept of Baylor was an Inside job,Paying,22. Varys,1.0,Lives,Lives,Lives,True,1.0
949,"Ser Dunton, Knight of the Laughing Tree",Paying,22. Varys,1.0,Dies,Dies,Lives,False,0.0
963,Ser Hand Rale of House Bannister,Paying,22. Varys,1.0,Dies,Dies,Lives,False,0.0
933,Stark Raving Mad,Paying,22. Varys,1.0,Dies,Dies,Lives,False,0.0
941,Stop Dragon My Horse Heart Around,Paying,22. Varys,1.0,Lives,Lives,Lives,True,1.0
927,Sword Swallowers through and through,Paying,22. Varys,1.0,Dies,Dies,Lives,False,0.0
944,That’s what I do: I drink and I know things.,Paying,22. Varys,1.0,Dies,Dies,Lives,False,0.0
951,The Ed Sheeran Fan Club,Paying,22. Varys,1.0,Lives,Lives,Lives,True,1.0
950,The House of Lesbian Poets,Paying,22. Varys,1.0,Lives,Lives,Lives,True,1.0
959,Tormund's Member Rewards Club,Paying,22. Varys,1.0,Dies,Dies,Lives,False,0.0
938,Xander's Dragons,Paying,22. Varys,1.0,Lives,Lives,Lives,True,1.0
942,"Ygritte in the Streets, Khaleesi in the Sheets",Paying,22. Varys,1.0,Lives,Lives,Lives,True,1.0
970,A Girl Has No Team Name,Paying,23. Yara Greyjoy,1.0,Dies,Dies,Lives,False,0.0
987,A Team Has No Name,Paying,23. Yara Greyjoy,1.0,Dies,Dies,Lives,False,0.0
972,A Wizard of Cersei,Paying,23. Yara Greyjoy,1.0,Dies,Dies,Lives,False,0.0
996,Aaron on the Throne,Paying,23. Yara Greyjoy,1.0,Lives,Lives,Lives,True,1.0
980,All Bronn and no brains,Paying,23. Yara Greyjoy,1.0,Lives,Lives,Lives,True,1.0
1001,Arya Dead Yet?,Paying,23. Yara Greyjoy,1.0,Dies,Dies,Lives,False,0.0
990,"Arya Ready Kids? (Aye, Aye, Captain of the Guards!)",Paying,23. Yara Greyjoy,1.0,Dies,Dies,Lives,False,0.0
997,"Breaker of Fasts, Mother of Brunches",Paying,23. Yara Greyjoy,1.0,Dies,Dies,Lives,False,0.0
968,Bri-Anne,Paying,23. Yara Greyjoy,1.0,Dies,Dies,Lives,False,0.0
991,Bri-Enne Of Green Gables,Paying,23. Yara Greyjoy,1.0,Dies,Dies,Lives,False,0.0
1004,Bronn Swanson,Paying,23. Yara Greyjoy,1.0,Lives,Lives,Lives,True,1.0
1010,Bronn: The Decision,Paying,23. Yara Greyjoy,1.0,Lives,Lives,Lives,True,1.0
984,"Carolyn of House Tambini, the First of Her Name, Queen of Kings, Burner of Princesses  ",Paying,23. Yara Greyjoy,1.0,Dies,Dies,Lives,False,0.0
979,Dany Snow,Paying,23. Yara Greyjoy,1.0,Lives,Lives,Lives,True,1.0
989,Davis the Bastard of Voltron,Paying,23. Yara Greyjoy,1.0,Dies,Dies,Lives,False,0.0
998,Enjol-Raki ,Paying,23. Yara Greyjoy,1.0,Dies,Dies,Lives,False,0.0
973,Flea Bottom Feeders,Paying,23. Yara Greyjoy,1.0,Dies,Dies,Lives,False,0.0
983,House Magnus,Free,23. Yara Greyjoy,1.0,Dies,Dies,Lives,False,0.0
999,Just Here for CleganeBowl,Paying,23. Yara Greyjoy,1.0,Lives,Lives,Lives,True,1.0
981,"Lacy of House Garrison, Breaker of Games, Protector of Spoilers, King of West Hollywood, Father of Brad",Paying,23. Yara Greyjoy,1.0,Lives,Lives,Lives,True,1.0
978,Lady Elizabeth of House Wray,Free,23. Yara Greyjoy,1.0,Lives,Lives,Lives,True,1.0
1008,Lady Kristi of the House of Brooks,Paying,23. Yara Greyjoy,1.0,Lives,Lives,Lives,True,1.0
1000,Lady Stoneheart,Paying,23. Yara Greyjoy,1.0,Dies,Dies,Lives,False,0.0
992,Lil' Jon Snow White,Paying,23. Yara Greyjoy,1.0,Dies,Dies,Lives,False,0.0
976,Little Fingers’ Little Finger,Paying,23. Yara Greyjoy,1.0,Lives,Lives,Lives,True,1.0
1011,Lord Ben-ish,Paying,23. Yara Greyjoy,1.0,Dies,Dies,Lives,False,0.0
1005,Matton Of The Hounds,Paying,23. Yara Greyjoy,1.0,Dies,Dies,Lives,False,0.0
1009,Mountain Mellon Crushers,Paying,23. Yara Greyjoy,1.0,Lives,Lives,Lives,True,1.0
969,No Ygrittes,Paying,23. Yara Greyjoy,1.0,Lives,Lives,Lives,True,1.0
1002,"S'now way, Jose!",Paying,23. Yara Greyjoy,1.0,Dies,Dies,Lives,False,0.0
974,Safari Ary,Paying,23. Yara Greyjoy,1.0,Lives,Lives,Lives,True,1.0
975,Sand Snake Realness,Paying,23. Yara Greyjoy,1.0,Dies,Dies,Lives,False,0.0
1006,Sept of Baylor was an Inside job,Paying,23. Yara Greyjoy,1.0,Dies,Dies,Lives,False,0.0
993,"Ser Dunton, Knight of the Laughing Tree",Paying,23. Yara Greyjoy,1.0,Lives,Lives,Lives,True,1.0
1007,Ser Hand Rale of House Bannister,Paying,23. Yara Greyjoy,1.0,Dies,Dies,Lives,False,0.0
977,Stark Raving Mad,Paying,23. Yara Greyjoy,1.0,Dies,Dies,Lives,False,0.0
985,Stop Dragon My Horse Heart Around,Paying,23. Yara Greyjoy,1.0,Dies,Dies,Lives,False,0.0
971,Sword Swallowers through and through,Paying,23. Yara Greyjoy,1.0,Dies,Dies,Lives,False,0.0
988,That’s what I do: I drink and I know things.,Paying,23. Yara Greyjoy,1.0,Dies,Dies,Lives,False,0.0
995,The Ed Sheeran Fan Club,Paying,23. Yara Greyjoy,1.0,Dies,Dies,Lives,False,0.0
994,The House of Lesbian Poets,Paying,23. Yara Greyjoy,1.0,Dies,Dies,Lives,False,0.0
1003,Tormund's Member Rewards Club,Paying,23. Yara Greyjoy,1.0,Lives,Lives,Lives,True,1.0
982,Xander's Dragons,Paying,23. Yara Greyjoy,1.0,Lives,Lives,Lives,True,1.0
986,"Ygritte in the Streets, Khaleesi in the Sheets",Paying,23. Yara Greyjoy,1.0,Dies,Dies,Lives,False,0.0
1014,A Girl Has No Team Name,Paying,39. Pick whether the following characters will use a dragon to fly. [Jon Snow],1.0,Yes,Yes,Yes,True,1.0
1031,A Team Has No Name,Paying,39. Pick whether the following characters will use a dragon to fly. [Jon Snow],1.0,Yes,Yes,Yes,True,1.0
1016,A Wizard of Cersei,Paying,39. Pick whether the following characters will use a dragon to fly. [Jon Snow],1.0,Yes,Yes,Yes,True,1.0
1040,Aaron on the Throne,Paying,39. Pick whether the following characters will use a dragon to fly. [Jon Snow],1.0,No,No,Yes,False,0.0
1024,All Bronn and no brains,Paying,39. Pick whether the following characters will use a dragon to fly. [Jon Snow],1.0,Yes,Yes,Yes,True,1.0
1045,Arya Dead Yet?,Paying,39. Pick whether the following characters will use a dragon to fly. [Jon Snow],1.0,Yes,Yes,Yes,True,1.0
1034,"Arya Ready Kids? (Aye, Aye, Captain of the Guards!)",Paying,39. Pick whether the following characters will use a dragon to fly. [Jon Snow],1.0,Yes,Yes,Yes,True,1.0
1041,"Breaker of Fasts, Mother of Brunches",Paying,39. Pick whether the following characters will use a dragon to fly. [Jon Snow],1.0,Yes,Yes,Yes,True,1.0
1012,Bri-Anne,Paying,39. Pick whether the following characters will use a dragon to fly. [Jon Snow],1.0,Yes,Yes,Yes,True,1.0
1035,Bri-Enne Of Green Gables,Paying,39. Pick whether the following characters will use a dragon to fly. [Jon Snow],1.0,Yes,Yes,Yes,True,1.0
1048,Bronn Swanson,Paying,39. Pick whether the following characters will use a dragon to fly. [Jon Snow],1.0,Yes,Yes,Yes,True,1.0
1054,Bronn: The Decision,Paying,39. Pick whether the following characters will use a dragon to fly. [Jon Snow],1.0,No,No,Yes,False,0.0
1028,"Carolyn of House Tambini, the First of Her Name, Queen of Kings, Burner of Princesses  ",Paying,39. Pick whether the following characters will use a dragon to fly. [Jon Snow],1.0,Yes,Yes,Yes,True,1.0
1023,Dany Snow,Paying,39. Pick whether the following characters will use a dragon to fly. [Jon Snow],1.0,Yes,Yes,Yes,True,1.0
1033,Davis the Bastard of Voltron,Paying,39. Pick whether the following characters will use a dragon to fly. [Jon Snow],1.0,Yes,Yes,Yes,True,1.0
1042,Enjol-Raki ,Paying,39. Pick whether the following characters will use a dragon to fly. [Jon Snow],1.0,Yes,Yes,Yes,True,1.0
1017,Flea Bottom Feeders,Paying,39. Pick whether the following characters will use a dragon to fly. [Jon Snow],1.0,Yes,Yes,Yes,True,1.0
1027,House Magnus,Free,39. Pick whether the following characters will use a dragon to fly. [Jon Snow],1.0,No,No,Yes,False,0.0
1043,Just Here for CleganeBowl,Paying,39. Pick whether the following characters will use a dragon to fly. [Jon Snow],1.0,Yes,Yes,Yes,True,1.0
1025,"Lacy of House Garrison, Breaker of Games, Protector of Spoilers, King of West Hollywood, Father of Brad",Paying,39. Pick whether the following characters will use a dragon to fly. [Jon Snow],1.0,Yes,Yes,Yes,True,1.0
1022,Lady Elizabeth of House Wray,Free,39. Pick whether the following characters will use a dragon to fly. [Jon Snow],1.0,No,No,Yes,False,0.0
1052,Lady Kristi of the House of Brooks,Paying,39. Pick whether the following characters will use a dragon to fly. [Jon Snow],1.0,Yes,Yes,Yes,True,1.0
1044,Lady Stoneheart,Paying,39. Pick whether the following characters will use a dragon to fly. [Jon Snow],1.0,Yes,Yes,Yes,True,1.0
1036,Lil' Jon Snow White,Paying,39. Pick whether the following characters will use a dragon to fly. [Jon Snow],1.0,Yes,Yes,Yes,True,1.0
1020,Little Fingers’ Little Finger,Paying,39. Pick whether the following characters will use a dragon to fly. [Jon Snow],1.0,Yes,Yes,Yes,True,1.0
1055,Lord Ben-ish,Paying,39. Pick whether the following characters will use a dragon to fly. [Jon Snow],1.0,Yes,Yes,Yes,True,1.0
1049,Matton Of The Hounds,Paying,39. Pick whether the following characters will use a dragon to fly. [Jon Snow],1.0,Yes,Yes,Yes,True,1.0
1053,Mountain Mellon Crushers,Paying,39. Pick whether the following characters will use a dragon to fly. [Jon Snow],1.0,Yes,Yes,Yes,True,1.0
1013,No Ygrittes,Paying,39. Pick whether the following characters will use a dragon to fly. [Jon Snow],1.0,Yes,Yes,Yes,True,1.0
1046,"S'now way, Jose!",Paying,39. Pick whether the following characters will use a dragon to fly. [Jon Snow],1.0,Yes,Yes,Yes,True,1.0
1018,Safari Ary,Paying,39. Pick whether the following characters will use a dragon to fly. [Jon Snow],1.0,No,No,Yes,False,0.0
1019,Sand Snake Realness,Paying,39. Pick whether the following characters will use a dragon to fly. [Jon Snow],1.0,No,No,Yes,False,0.0
1050,Sept of Baylor was an Inside job,Paying,39. Pick whether the following characters will use a dragon to fly. [Jon Snow],1.0,Yes,Yes,Yes,True,1.0
1037,"Ser Dunton, Knight of the Laughing Tree",Paying,39. Pick whether the following characters will use a dragon to fly. [Jon Snow],1.0,Yes,Yes,Yes,True,1.0
1051,Ser Hand Rale of House Bannister,Paying,39. Pick whether the following characters will use a dragon to fly. [Jon Snow],1.0,Yes,Yes,Yes,True,1.0
1021,Stark Raving Mad,Paying,39. Pick whether the following characters will use a dragon to fly. [Jon Snow],1.0,Yes,Yes,Yes,True,1.0
1029,Stop Dragon My Horse Heart Around,Paying,39. Pick whether the following characters will use a dragon to fly. [Jon Snow],1.0,Yes,Yes,Yes,True,1.0
1015,Sword Swallowers through and through,Paying,39. Pick whether the following characters will use a dragon to fly. [Jon Snow],1.0,Yes,Yes,Yes,True,1.0
1032,That’s what I do: I drink and I know things.,Paying,39. Pick whether the following characters will use a dragon to fly. [Jon Snow],1.0,Yes,Yes,Yes,True,1.0
1039,The Ed Sheeran Fan Club,Paying,39. Pick whether the following characters will use a dragon to fly. [Jon Snow],1.0,Yes,Yes,Yes,True,1.0
1038,The House of Lesbian Poets,Paying,39. Pick whether the following characters will use a dragon to fly. [Jon Snow],1.0,Yes,Yes,Yes,True,1.0
1047,Tormund's Member Rewards Club,Paying,39. Pick whether the following characters will use a dragon to fly. [Jon Snow],1.0,Yes,Yes,Yes,True,1.0
1026,Xander's Dragons,Paying,39. Pick whether the following characters will use a dragon to fly. [Jon Snow],1.0,Yes,Yes,Yes,True,1.0
1030,"Ygritte in the Streets, Khaleesi in the Sheets",Paying,39. Pick whether the following characters will use a dragon to fly. [Jon Snow],1.0,Yes,Yes,Yes,True,1.0
